No,TimeStamp,Message,Predict,Conf,Answer
29/09/2022:21:45:32,‡πÄ‡∏ã‡∏ü‡∏¢‡∏±‡∏á‡πÑ‡∏á,‡∏Å‡∏≤‡∏£‡∏ö‡∏±‡∏ô‡∏ó‡∏∂‡∏Å,98.0%,‡∏Ç‡∏±‡πâ‡∏ô‡∏ï‡∏≠‡∏ô‡∏ó‡∏µ‡πà‡πÄ‡∏ó‡πà‡∏≤‡πÑ‡∏´‡∏£‡πà‡∏´‡∏£‡∏≠‡∏Ñ‡∏∞
29/09/2022:21:45:41,3,3-‡∏Å‡∏≤‡∏£‡∏î‡∏≥‡πÄ‡∏ô‡∏¥‡∏ô‡∏Å‡∏≤‡∏£‡∏ï‡∏≤‡∏°‡πÅ‡∏ú‡∏ô‡∏Å‡∏≤‡∏£‡∏à‡∏±‡∏î‡∏Å‡∏≤‡∏£‡∏®‡∏∂‡∏Å‡∏©‡∏≤,98.0%,‡πÇ‡∏Ñ‡∏£‡∏á‡∏Å‡∏≤‡∏£‡∏ó‡∏µ‡πà‡πÑ‡∏°‡πà‡πÑ‡∏î‡πâ‡∏ó‡∏≥ ‡πÇ‡∏£‡∏á‡πÄ‡∏£‡∏µ‡∏¢‡∏ô‡∏™‡∏≤‡∏°‡∏≤‡∏£‡∏ñ‡∏Å‡∏î‡∏¢‡∏Å‡πÄ‡∏•‡∏¥‡∏Å‡πÇ‡∏Ñ‡∏£‡∏á‡∏Å‡∏≤‡∏£‡πÑ‡∏î‡πâ ‡πÉ‡∏ô‡∏Ç‡∏±‡πâ‡∏ô‡∏ó‡∏µ‡πà 3 ‡∏≠‡∏¢‡πà‡∏≤‡∏á‡πÑ‡∏£‡∏Å‡πá‡∏ï‡∏≤‡∏°‡πÇ‡∏£‡∏á‡πÄ‡∏£‡∏µ‡∏¢‡∏ô‡∏™‡∏≤‡∏°‡∏≤‡∏£‡∏ñ‡πÄ‡∏•‡∏∑‡∏≠‡∏Å‡∏î‡∏≥‡πÄ‡∏ô‡∏¥‡∏ô‡πÑ‡∏î‡πâ‡∏´‡∏•‡∏≤‡∏Å‡∏´‡∏•‡∏≤‡∏¢‡∏ß‡∏¥‡∏ò‡∏µ‡∏ï‡∏≤‡∏°‡∏Ñ‡∏ß‡∏≤‡∏°‡πÄ‡∏´‡∏°‡∏≤‡∏∞‡∏™‡∏°‡πÅ‡∏•‡∏∞‡∏î‡∏∏‡∏•‡∏û‡∏¥‡∏ô‡∏¥‡∏à‡∏Ç‡∏≠‡∏á‡∏ú‡∏π‡πâ‡∏ö‡∏£‡∏¥‡∏´‡∏≤‡∏£‡∏™‡∏ñ‡∏≤‡∏ô‡∏®‡∏∂‡∏Å‡∏©‡∏≤ ‡πÄ‡∏ä‡πà‡∏ô ‡∏õ‡∏£‡∏±‡∏ö‡πÅ‡∏ú‡∏ô‡∏õ‡∏è‡∏¥‡∏ö‡∏±‡∏ï‡∏¥‡∏Å‡∏≤‡∏£‡∏õ‡∏£‡∏∞‡∏à‡∏≥‡∏õ‡∏µ ,‡∏õ‡∏£‡∏±‡∏ö‡πÇ‡∏Ñ‡∏£‡∏á‡∏Å‡∏≤‡∏£ ,‡∏¢‡∏Å‡πÄ‡∏•‡∏¥‡∏Å‡πÇ‡∏Ñ‡∏£‡∏á‡∏Å‡∏≤‡∏£
29/09/2022:21:46:03,‡πÄ‡∏ã‡∏ü‡∏¢‡∏±‡∏á‡πÑ‡∏á,‡∏Å‡∏≤‡∏£‡∏ö‡∏±‡∏ô‡∏ó‡∏∂‡∏Å,98.0%,‡∏Ç‡∏±‡πâ‡∏ô‡∏ï‡∏≠‡∏ô‡∏ó‡∏µ‡πà‡πÄ‡∏ó‡πà‡∏≤‡πÑ‡∏´‡∏£‡πà‡∏´‡∏£‡∏≠‡∏Ñ‡∏∞
29/09/2022:21:46:34,3,3-‡∏Å‡∏≤‡∏£‡∏î‡∏≥‡πÄ‡∏ô‡∏¥‡∏ô‡∏Å‡∏≤‡∏£‡∏ï‡∏≤‡∏°‡πÅ‡∏ú‡∏ô‡∏Å‡∏≤‡∏£‡∏à‡∏±‡∏î‡∏Å‡∏≤‡∏£‡∏®‡∏∂‡∏Å‡∏©‡∏≤,98.0%,‡πÇ‡∏Ñ‡∏£‡∏á‡∏Å‡∏≤‡∏£‡∏ó‡∏µ‡πà‡πÑ‡∏°‡πà‡πÑ‡∏î‡πâ‡∏ó‡∏≥ ‡πÇ‡∏£‡∏á‡πÄ‡∏£‡∏µ‡∏¢‡∏ô‡∏™‡∏≤‡∏°‡∏≤‡∏£‡∏ñ‡∏Å‡∏î‡∏¢‡∏Å‡πÄ‡∏•‡∏¥‡∏Å‡πÇ‡∏Ñ‡∏£‡∏á‡∏Å‡∏≤‡∏£‡πÑ‡∏î‡πâ ‡πÉ‡∏ô‡∏Ç‡∏±‡πâ‡∏ô‡∏ó‡∏µ‡πà 3 ‡∏≠‡∏¢‡πà‡∏≤‡∏á‡πÑ‡∏£‡∏Å‡πá‡∏ï‡∏≤‡∏°‡πÇ‡∏£‡∏á‡πÄ‡∏£‡∏µ‡∏¢‡∏ô‡∏™‡∏≤‡∏°‡∏≤‡∏£‡∏ñ‡πÄ‡∏•‡∏∑‡∏≠‡∏Å‡∏î‡∏≥‡πÄ‡∏ô‡∏¥‡∏ô‡πÑ‡∏î‡πâ‡∏´‡∏•‡∏≤‡∏Å‡∏´‡∏•‡∏≤‡∏¢‡∏ß‡∏¥‡∏ò‡∏µ‡∏ï‡∏≤‡∏°‡∏Ñ‡∏ß‡∏≤‡∏°‡πÄ‡∏´‡∏°‡∏≤‡∏∞‡∏™‡∏°‡πÅ‡∏•‡∏∞‡∏î‡∏∏‡∏•‡∏û‡∏¥‡∏ô‡∏¥‡∏à‡∏Ç‡∏≠‡∏á‡∏ú‡∏π‡πâ‡∏ö‡∏£‡∏¥‡∏´‡∏≤‡∏£‡∏™‡∏ñ‡∏≤‡∏ô‡∏®‡∏∂‡∏Å‡∏©‡∏≤ ‡πÄ‡∏ä‡πà‡∏ô ‡∏õ‡∏£‡∏±‡∏ö‡πÅ‡∏ú‡∏ô‡∏õ‡∏è‡∏¥‡∏ö‡∏±‡∏ï‡∏¥‡∏Å‡∏≤‡∏£‡∏õ‡∏£‡∏∞‡∏à‡∏≥‡∏õ‡∏µ ,‡∏õ‡∏£‡∏±‡∏ö‡πÇ‡∏Ñ‡∏£‡∏á‡∏Å‡∏≤‡∏£ ,‡∏¢‡∏Å‡πÄ‡∏•‡∏¥‡∏Å‡πÇ‡∏Ñ‡∏£‡∏á‡∏Å‡∏≤‡∏£
29/09/2022:21:46:38,3,3-‡∏Å‡∏≤‡∏£‡∏î‡∏≥‡πÄ‡∏ô‡∏¥‡∏ô‡∏Å‡∏≤‡∏£‡∏ï‡∏≤‡∏°‡πÅ‡∏ú‡∏ô‡∏Å‡∏≤‡∏£‡∏à‡∏±‡∏î‡∏Å‡∏≤‡∏£‡∏®‡∏∂‡∏Å‡∏©‡∏≤,98.0%,‡πÇ‡∏Ñ‡∏£‡∏á‡∏Å‡∏≤‡∏£‡∏ó‡∏µ‡πà‡πÑ‡∏°‡πà‡πÑ‡∏î‡πâ‡∏ó‡∏≥ ‡πÇ‡∏£‡∏á‡πÄ‡∏£‡∏µ‡∏¢‡∏ô‡∏™‡∏≤‡∏°‡∏≤‡∏£‡∏ñ‡∏Å‡∏î‡∏¢‡∏Å‡πÄ‡∏•‡∏¥‡∏Å‡πÇ‡∏Ñ‡∏£‡∏á‡∏Å‡∏≤‡∏£‡πÑ‡∏î‡πâ ‡πÉ‡∏ô‡∏Ç‡∏±‡πâ‡∏ô‡∏ó‡∏µ‡πà 3 ‡∏≠‡∏¢‡πà‡∏≤‡∏á‡πÑ‡∏£‡∏Å‡πá‡∏ï‡∏≤‡∏°‡πÇ‡∏£‡∏á‡πÄ‡∏£‡∏µ‡∏¢‡∏ô‡∏™‡∏≤‡∏°‡∏≤‡∏£‡∏ñ‡πÄ‡∏•‡∏∑‡∏≠‡∏Å‡∏î‡∏≥‡πÄ‡∏ô‡∏¥‡∏ô‡πÑ‡∏î‡πâ‡∏´‡∏•‡∏≤‡∏Å‡∏´‡∏•‡∏≤‡∏¢‡∏ß‡∏¥‡∏ò‡∏µ‡∏ï‡∏≤‡∏°‡∏Ñ‡∏ß‡∏≤‡∏°‡πÄ‡∏´‡∏°‡∏≤‡∏∞‡∏™‡∏°‡πÅ‡∏•‡∏∞‡∏î‡∏∏‡∏•‡∏û‡∏¥‡∏ô‡∏¥‡∏à‡∏Ç‡∏≠‡∏á‡∏ú‡∏π‡πâ‡∏ö‡∏£‡∏¥‡∏´‡∏≤‡∏£‡∏™‡∏ñ‡∏≤‡∏ô‡∏®‡∏∂‡∏Å‡∏©‡∏≤ ‡πÄ‡∏ä‡πà‡∏ô ‡∏õ‡∏£‡∏±‡∏ö‡πÅ‡∏ú‡∏ô‡∏õ‡∏è‡∏¥‡∏ö‡∏±‡∏ï‡∏¥‡∏Å‡∏≤‡∏£‡∏õ‡∏£‡∏∞‡∏à‡∏≥‡∏õ‡∏µ ,‡∏õ‡∏£‡∏±‡∏ö‡πÇ‡∏Ñ‡∏£‡∏á‡∏Å‡∏≤‡∏£ ,‡∏¢‡∏Å‡πÄ‡∏•‡∏¥‡∏Å‡πÇ‡∏Ñ‡∏£‡∏á‡∏Å‡∏≤‡∏£
29/09/2022:21:47:03,3,3-‡∏Å‡∏≤‡∏£‡∏î‡∏≥‡πÄ‡∏ô‡∏¥‡∏ô‡∏Å‡∏≤‡∏£‡∏ï‡∏≤‡∏°‡πÅ‡∏ú‡∏ô‡∏Å‡∏≤‡∏£‡∏à‡∏±‡∏î‡∏Å‡∏≤‡∏£‡∏®‡∏∂‡∏Å‡∏©‡∏≤,98.0%,‡πÇ‡∏Ñ‡∏£‡∏á‡∏Å‡∏≤‡∏£‡∏ó‡∏µ‡πà‡πÑ‡∏°‡πà‡πÑ‡∏î‡πâ‡∏ó‡∏≥ ‡πÇ‡∏£‡∏á‡πÄ‡∏£‡∏µ‡∏¢‡∏ô‡∏™‡∏≤‡∏°‡∏≤‡∏£‡∏ñ‡∏Å‡∏î‡∏¢‡∏Å‡πÄ‡∏•‡∏¥‡∏Å‡πÇ‡∏Ñ‡∏£‡∏á‡∏Å‡∏≤‡∏£‡πÑ‡∏î‡πâ ‡πÉ‡∏ô‡∏Ç‡∏±‡πâ‡∏ô‡∏ó‡∏µ‡πà 3 ‡∏≠‡∏¢‡πà‡∏≤‡∏á‡πÑ‡∏£‡∏Å‡πá‡∏ï‡∏≤‡∏°‡πÇ‡∏£‡∏á‡πÄ‡∏£‡∏µ‡∏¢‡∏ô‡∏™‡∏≤‡∏°‡∏≤‡∏£‡∏ñ‡πÄ‡∏•‡∏∑‡∏≠‡∏Å‡∏î‡∏≥‡πÄ‡∏ô‡∏¥‡∏ô‡πÑ‡∏î‡πâ‡∏´‡∏•‡∏≤‡∏Å‡∏´‡∏•‡∏≤‡∏¢‡∏ß‡∏¥‡∏ò‡∏µ‡∏ï‡∏≤‡∏°‡∏Ñ‡∏ß‡∏≤‡∏°‡πÄ‡∏´‡∏°‡∏≤‡∏∞‡∏™‡∏°‡πÅ‡∏•‡∏∞‡∏î‡∏∏‡∏•‡∏û‡∏¥‡∏ô‡∏¥‡∏à‡∏Ç‡∏≠‡∏á‡∏ú‡∏π‡πâ‡∏ö‡∏£‡∏¥‡∏´‡∏≤‡∏£‡∏™‡∏ñ‡∏≤‡∏ô‡∏®‡∏∂‡∏Å‡∏©‡∏≤ ‡πÄ‡∏ä‡πà‡∏ô ‡∏õ‡∏£‡∏±‡∏ö‡πÅ‡∏ú‡∏ô‡∏õ‡∏è‡∏¥‡∏ö‡∏±‡∏ï‡∏¥‡∏Å‡∏≤‡∏£‡∏õ‡∏£‡∏∞‡∏à‡∏≥‡∏õ‡∏µ ,‡∏õ‡∏£‡∏±‡∏ö‡πÇ‡∏Ñ‡∏£‡∏á‡∏Å‡∏≤‡∏£ ,‡∏¢‡∏Å‡πÄ‡∏•‡∏¥‡∏Å‡πÇ‡∏Ñ‡∏£‡∏á‡∏Å‡∏≤‡∏£
29/09/2022:21:47:26,‡πÄ‡∏ã‡∏ü‡∏¢‡∏±‡∏á‡πÑ‡∏á,‡∏Å‡∏≤‡∏£‡∏ö‡∏±‡∏ô‡∏ó‡∏∂‡∏Å,98.0%,‡∏Ç‡∏±‡πâ‡∏ô‡∏ï‡∏≠‡∏ô‡∏ó‡∏µ‡πà‡πÄ‡∏ó‡πà‡∏≤‡πÑ‡∏´‡∏£‡πà‡∏´‡∏£‡∏≠‡∏Ñ‡∏∞
29/09/2022:21:47:37,‡∏Å‡∏≤‡∏£‡∏Å‡∏≥‡∏´‡∏ô‡∏î‡∏°‡∏≤‡∏ï‡∏£‡∏ê‡∏≤‡∏ô,1-‡∏Å‡∏≥‡∏´‡∏ô‡∏î‡∏°‡∏≤‡∏ï‡∏£‡∏ê‡∏≤‡∏ô,75.0%,‡∏ß‡∏¥‡∏ò‡∏µ‡∏Å‡∏≤‡∏£‡πÉ‡∏™‡πà‡∏Ç‡πâ‡∏≠‡∏°‡∏π‡∏•‡∏Ç‡∏±‡πâ‡∏ô‡∏ó‡∏µ‡πà 1 ‡∏Å‡∏≥‡∏´‡∏ô‡∏î‡∏°‡∏≤‡∏ï‡∏£‡∏ê‡∏≤‡∏ô‡∏Ø ‡∏´‡∏≤‡∏Å‡πÄ‡∏Ç‡πâ‡∏≤‡∏°‡∏≤‡∏Ñ‡∏£‡∏±‡πâ‡∏á‡πÅ‡∏£‡∏Å‡πÉ‡∏´‡πâ‡∏Ñ‡∏•‡∏¥‡∏Å‡∏õ‡∏∏‡πà‡∏°‡πÄ‡∏û‡∏¥‡πà‡∏°‡∏°‡∏≤‡∏ï‡∏£‡∏ê‡∏≤‡∏ô ‡∏°‡∏∏‡∏°‡∏ö‡∏ô‡∏Ç‡∏ß‡∏≤‡∏°‡∏∑‡∏≠ ‡∏™‡∏≤‡∏°‡∏≤‡∏£‡∏ñ‡∏î‡∏π‡∏ß‡∏¥‡∏ò‡∏µ‡∏Å‡∏≤‡∏£‡πÅ‡∏ö‡∏ö VDO ‡πÑ‡∏î‡πâ‡∏ú‡πà‡∏≤‡∏ôlink ‡∏ô‡∏µ‡πâ üëâhttps://youtu.be/1Ii49Vr8ssA
29/09/2022:21:47:54,‡∏Å‡∏≤‡∏£‡∏´‡∏≥‡∏´‡∏ô‡∏î‡∏°‡∏≤‡∏ï‡∏£‡∏ê‡∏≤‡∏ô,False,47.0%,‡πÑ‡∏°‡πà‡πÄ‡∏Ç‡πâ‡∏≤‡πÉ‡∏à‡∏Ñ‡∏≥‡∏ñ‡∏≤‡∏°‡∏Ñ‡πà‡∏∞ ‡∏Å‡∏£‡∏∏‡∏ì‡∏≤‡∏ñ‡∏≤‡∏°‡πÉ‡∏´‡∏°‡πà‡∏≠‡∏µ‡∏Å‡∏ó‡∏µ‡∏ô‡∏∞‡∏Ñ‡∏∞
29/09/2022:21:48:05,‡∏Å‡∏≤‡∏£‡∏Å‡∏≥‡∏´‡∏ô‡∏î‡∏°‡∏≤‡∏ï‡∏£‡∏ê‡∏≤‡∏ô,1-‡∏Å‡∏≥‡∏´‡∏ô‡∏î‡∏°‡∏≤‡∏ï‡∏£‡∏ê‡∏≤‡∏ô,75.0%,‡∏ß‡∏¥‡∏ò‡∏µ‡∏Å‡∏≤‡∏£‡πÉ‡∏™‡πà‡∏Ç‡πâ‡∏≠‡∏°‡∏π‡∏•‡∏Ç‡∏±‡πâ‡∏ô‡∏ó‡∏µ‡πà 1 ‡∏Å‡∏≥‡∏´‡∏ô‡∏î‡∏°‡∏≤‡∏ï‡∏£‡∏ê‡∏≤‡∏ô‡∏Ø ‡∏´‡∏≤‡∏Å‡πÄ‡∏Ç‡πâ‡∏≤‡∏°‡∏≤‡∏Ñ‡∏£‡∏±‡πâ‡∏á‡πÅ‡∏£‡∏Å‡πÉ‡∏´‡πâ‡∏Ñ‡∏•‡∏¥‡∏Å‡∏õ‡∏∏‡πà‡∏°‡πÄ‡∏û‡∏¥‡πà‡∏°‡∏°‡∏≤‡∏ï‡∏£‡∏ê‡∏≤‡∏ô ‡∏°‡∏∏‡∏°‡∏ö‡∏ô‡∏Ç‡∏ß‡∏≤‡∏°‡∏∑‡∏≠ ‡∏™‡∏≤‡∏°‡∏≤‡∏£‡∏ñ‡∏î‡∏π‡∏ß‡∏¥‡∏ò‡∏µ‡∏Å‡∏≤‡∏£‡πÅ‡∏ö‡∏ö VDO ‡πÑ‡∏î‡πâ‡∏ú‡πà‡∏≤‡∏ôlink ‡∏ô‡∏µ‡πâ üëâhttps://youtu.be/1Ii49Vr8ssA
29/09/2022:21:48:13,‡πÄ‡∏ã‡∏ü‡∏¢‡∏±‡∏á‡πÑ‡∏á,‡∏Å‡∏≤‡∏£‡∏ö‡∏±‡∏ô‡∏ó‡∏∂‡∏Å,98.0%,‡∏Ç‡∏±‡πâ‡∏ô‡∏ï‡∏≠‡∏ô‡∏ó‡∏µ‡πà‡πÄ‡∏ó‡πà‡∏≤‡πÑ‡∏´‡∏£‡πà‡∏´‡∏£‡∏≠‡∏Ñ‡∏∞
29/09/2022:21:48:18,‡∏Å‡∏≤‡∏£‡∏Å‡∏≥‡∏´‡∏ô‡∏î‡∏°‡∏≤‡∏ï‡∏£‡∏ê‡∏≤‡∏ô,1-‡∏Å‡∏≥‡∏´‡∏ô‡∏î‡∏°‡∏≤‡∏ï‡∏£‡∏ê‡∏≤‡∏ô,75.0%,‡∏ß‡∏¥‡∏ò‡∏µ‡∏Å‡∏≤‡∏£‡πÉ‡∏™‡πà‡∏Ç‡πâ‡∏≠‡∏°‡∏π‡∏•‡∏Ç‡∏±‡πâ‡∏ô‡∏ó‡∏µ‡πà 1 ‡∏Å‡∏≥‡∏´‡∏ô‡∏î‡∏°‡∏≤‡∏ï‡∏£‡∏ê‡∏≤‡∏ô‡∏Ø ‡∏´‡∏≤‡∏Å‡πÄ‡∏Ç‡πâ‡∏≤‡∏°‡∏≤‡∏Ñ‡∏£‡∏±‡πâ‡∏á‡πÅ‡∏£‡∏Å‡πÉ‡∏´‡πâ‡∏Ñ‡∏•‡∏¥‡∏Å‡∏õ‡∏∏‡πà‡∏°‡πÄ‡∏û‡∏¥‡πà‡∏°‡∏°‡∏≤‡∏ï‡∏£‡∏ê‡∏≤‡∏ô ‡∏°‡∏∏‡∏°‡∏ö‡∏ô‡∏Ç‡∏ß‡∏≤‡∏°‡∏∑‡∏≠ ‡∏™‡∏≤‡∏°‡∏≤‡∏£‡∏ñ‡∏î‡∏π‡∏ß‡∏¥‡∏ò‡∏µ‡∏Å‡∏≤‡∏£‡πÅ‡∏ö‡∏ö VDO ‡πÑ‡∏î‡πâ‡∏ú‡πà‡∏≤‡∏ôlink ‡∏ô‡∏µ‡πâ üëâhttps://youtu.be/1Ii49Vr8ssA
29/09/2022:21:48:21,‡∏Å‡∏≤‡∏£‡∏Å‡∏≥‡∏´‡∏ô‡∏î‡∏°‡∏≤‡∏ï‡∏£‡∏ê‡∏≤‡∏ô,1-‡∏Å‡∏≥‡∏´‡∏ô‡∏î‡∏°‡∏≤‡∏ï‡∏£‡∏ê‡∏≤‡∏ô,75.0%,‡∏ß‡∏¥‡∏ò‡∏µ‡∏Å‡∏≤‡∏£‡πÉ‡∏™‡πà‡∏Ç‡πâ‡∏≠‡∏°‡∏π‡∏•‡∏Ç‡∏±‡πâ‡∏ô‡∏ó‡∏µ‡πà 1 ‡∏Å‡∏≥‡∏´‡∏ô‡∏î‡∏°‡∏≤‡∏ï‡∏£‡∏ê‡∏≤‡∏ô‡∏Ø ‡∏´‡∏≤‡∏Å‡πÄ‡∏Ç‡πâ‡∏≤‡∏°‡∏≤‡∏Ñ‡∏£‡∏±‡πâ‡∏á‡πÅ‡∏£‡∏Å‡πÉ‡∏´‡πâ‡∏Ñ‡∏•‡∏¥‡∏Å‡∏õ‡∏∏‡πà‡∏°‡πÄ‡∏û‡∏¥‡πà‡∏°‡∏°‡∏≤‡∏ï‡∏£‡∏ê‡∏≤‡∏ô ‡∏°‡∏∏‡∏°‡∏ö‡∏ô‡∏Ç‡∏ß‡∏≤‡∏°‡∏∑‡∏≠ ‡∏™‡∏≤‡∏°‡∏≤‡∏£‡∏ñ‡∏î‡∏π‡∏ß‡∏¥‡∏ò‡∏µ‡∏Å‡∏≤‡∏£‡πÅ‡∏ö‡∏ö VDO ‡πÑ‡∏î‡πâ‡∏ú‡πà‡∏≤‡∏ôlink ‡∏ô‡∏µ‡πâ üëâhttps://youtu.be/1Ii49Vr8ssA
29/09/2022:21:50:59,‡∏î,False,39.0%,‡πÑ‡∏°‡πà‡πÄ‡∏Ç‡πâ‡∏≤‡πÉ‡∏à‡∏Ñ‡∏≥‡∏ñ‡∏≤‡∏°‡∏Ñ‡πà‡∏∞ ‡∏Å‡∏£‡∏∏‡∏ì‡∏≤‡∏ñ‡∏≤‡∏°‡πÉ‡∏´‡∏°‡πà‡∏≠‡∏µ‡∏Å‡∏ó‡∏µ‡∏ô‡∏∞‡∏Ñ‡∏∞
29/09/2022:21:51:07,‡πÄ‡∏ã‡∏ü‡∏¢‡∏±‡∏á‡πÑ‡∏á,‡∏Å‡∏≤‡∏£‡∏ö‡∏±‡∏ô‡∏ó‡∏∂‡∏Å,98.0%,‡∏Ç‡∏±‡πâ‡∏ô‡∏ï‡∏≠‡∏ô‡∏ó‡∏µ‡πà‡πÄ‡∏ó‡πà‡∏≤‡πÑ‡∏´‡∏£‡πà‡∏´‡∏£‡∏≠‡∏Ñ‡∏∞
29/09/2022:21:51:16,‡πÄ‡∏ã‡∏ü‡∏¢‡∏±‡∏á‡πÑ‡∏á,‡∏Å‡∏≤‡∏£‡∏ö‡∏±‡∏ô‡∏ó‡∏∂‡∏Å,98.0%,‡∏Ç‡∏±‡πâ‡∏ô‡∏ï‡∏≠‡∏ô‡∏ó‡∏µ‡πà‡πÄ‡∏ó‡πà‡∏≤‡πÑ‡∏´‡∏£‡πà‡∏´‡∏£‡∏≠‡∏Ñ‡∏∞
29/09/2022:21:51:28,‡πÄ‡∏ã‡∏ü‡∏¢‡∏±‡∏á‡πÑ‡∏á,‡∏Å‡∏≤‡∏£‡∏ö‡∏±‡∏ô‡∏ó‡∏∂‡∏Å,98.0%,‡∏Ç‡∏±‡πâ‡∏ô‡∏ï‡∏≠‡∏ô‡∏ó‡∏µ‡πà‡πÄ‡∏ó‡πà‡∏≤‡πÑ‡∏´‡∏£‡πà‡∏´‡∏£‡∏≠‡∏Ñ‡∏∞
29/09/2022:21:51:35,safe‡∏¢‡∏±‡∏á‡πÑ‡∏á,False,26.0%,‡πÑ‡∏°‡πà‡πÄ‡∏Ç‡πâ‡∏≤‡πÉ‡∏à‡∏Ñ‡∏≥‡∏ñ‡∏≤‡∏°‡∏Ñ‡πà‡∏∞ ‡∏Å‡∏£‡∏∏‡∏ì‡∏≤‡∏ñ‡∏≤‡∏°‡πÉ‡∏´‡∏°‡πà‡∏≠‡∏µ‡∏Å‡∏ó‡∏µ‡∏ô‡∏∞‡∏Ñ‡∏∞
29/09/2022:21:52:23,save ‡∏¢‡∏±‡∏á‡πÑ‡∏á?,‡∏Å‡∏≤‡∏£‡∏ö‡∏±‡∏ô‡∏ó‡∏∂‡∏Å,96.0%,‡∏Ç‡∏±‡πâ‡∏ô‡∏ï‡∏≠‡∏ô‡∏ó‡∏µ‡πà‡πÄ‡∏ó‡πà‡∏≤‡πÑ‡∏´‡∏£‡πà‡∏´‡∏£‡∏≠‡∏Ñ‡∏∞
29/09/2022:21:52:29,3,3-‡∏Å‡∏≤‡∏£‡∏î‡∏≥‡πÄ‡∏ô‡∏¥‡∏ô‡∏Å‡∏≤‡∏£‡∏ï‡∏≤‡∏°‡πÅ‡∏ú‡∏ô‡∏Å‡∏≤‡∏£‡∏à‡∏±‡∏î‡∏Å‡∏≤‡∏£‡∏®‡∏∂‡∏Å‡∏©‡∏≤,98.0%,‡πÇ‡∏Ñ‡∏£‡∏á‡∏Å‡∏≤‡∏£‡∏ó‡∏µ‡πà‡πÑ‡∏°‡πà‡πÑ‡∏î‡πâ‡∏ó‡∏≥ ‡πÇ‡∏£‡∏á‡πÄ‡∏£‡∏µ‡∏¢‡∏ô‡∏™‡∏≤‡∏°‡∏≤‡∏£‡∏ñ‡∏Å‡∏î‡∏¢‡∏Å‡πÄ‡∏•‡∏¥‡∏Å‡πÇ‡∏Ñ‡∏£‡∏á‡∏Å‡∏≤‡∏£‡πÑ‡∏î‡πâ ‡πÉ‡∏ô‡∏Ç‡∏±‡πâ‡∏ô‡∏ó‡∏µ‡πà 3 ‡∏≠‡∏¢‡πà‡∏≤‡∏á‡πÑ‡∏£‡∏Å‡πá‡∏ï‡∏≤‡∏°‡πÇ‡∏£‡∏á‡πÄ‡∏£‡∏µ‡∏¢‡∏ô‡∏™‡∏≤‡∏°‡∏≤‡∏£‡∏ñ‡πÄ‡∏•‡∏∑‡∏≠‡∏Å‡∏î‡∏≥‡πÄ‡∏ô‡∏¥‡∏ô‡πÑ‡∏î‡πâ‡∏´‡∏•‡∏≤‡∏Å‡∏´‡∏•‡∏≤‡∏¢‡∏ß‡∏¥‡∏ò‡∏µ‡∏ï‡∏≤‡∏°‡∏Ñ‡∏ß‡∏≤‡∏°‡πÄ‡∏´‡∏°‡∏≤‡∏∞‡∏™‡∏°‡πÅ‡∏•‡∏∞‡∏î‡∏∏‡∏•‡∏û‡∏¥‡∏ô‡∏¥‡∏à‡∏Ç‡∏≠‡∏á‡∏ú‡∏π‡πâ‡∏ö‡∏£‡∏¥‡∏´‡∏≤‡∏£‡∏™‡∏ñ‡∏≤‡∏ô‡∏®‡∏∂‡∏Å‡∏©‡∏≤ ‡πÄ‡∏ä‡πà‡∏ô ‡∏õ‡∏£‡∏±‡∏ö‡πÅ‡∏ú‡∏ô‡∏õ‡∏è‡∏¥‡∏ö‡∏±‡∏ï‡∏¥‡∏Å‡∏≤‡∏£‡∏õ‡∏£‡∏∞‡∏à‡∏≥‡∏õ‡∏µ ,‡∏õ‡∏£‡∏±‡∏ö‡πÇ‡∏Ñ‡∏£‡∏á‡∏Å‡∏≤‡∏£ ,‡∏¢‡∏Å‡πÄ‡∏•‡∏¥‡∏Å‡πÇ‡∏Ñ‡∏£‡∏á‡∏Å‡∏≤‡∏£
29/09/2022:21:53:18,dfaf,False,98.0%,‡πÑ‡∏°‡πà‡πÄ‡∏Ç‡πâ‡∏≤‡πÉ‡∏à‡∏Ñ‡∏≥‡∏ñ‡∏≤‡∏°‡∏Ñ‡πà‡∏∞ ‡∏Å‡∏£‡∏∏‡∏ì‡∏≤‡∏ñ‡∏≤‡∏°‡πÉ‡∏´‡∏°‡πà‡∏≠‡∏µ‡∏Å‡∏ó‡∏µ‡∏ô‡∏∞‡∏Ñ‡∏∞
29/09/2022:21:53:18,‡πÄ‡∏ã‡∏ü‡∏¢‡∏±‡∏á‡πÑ‡∏á,‡∏Å‡∏≤‡∏£‡∏ö‡∏±‡∏ô‡∏ó‡∏∂‡∏Å,98.0%,‡∏Ç‡∏±‡πâ‡∏ô‡∏ï‡∏≠‡∏ô‡∏ó‡∏µ‡πà‡πÄ‡∏ó‡πà‡∏≤‡πÑ‡∏´‡∏£‡πà‡∏´‡∏£‡∏≠‡∏Ñ‡∏∞
29/09/2022:21:53:26,‡πÄ‡∏ã‡∏ü‡∏¢‡∏±‡∏á‡πÑ‡∏á,‡∏Å‡∏≤‡∏£‡∏ö‡∏±‡∏ô‡∏ó‡∏∂‡∏Å,98.0%,‡∏Ç‡∏±‡πâ‡∏ô‡∏ï‡∏≠‡∏ô‡∏ó‡∏µ‡πà‡πÄ‡∏ó‡πà‡∏≤‡πÑ‡∏´‡∏£‡πà‡∏´‡∏£‡∏≠‡∏Ñ‡∏∞
29/09/2022:21:53:30,3,3-‡∏Å‡∏≤‡∏£‡∏î‡∏≥‡πÄ‡∏ô‡∏¥‡∏ô‡∏Å‡∏≤‡∏£‡∏ï‡∏≤‡∏°‡πÅ‡∏ú‡∏ô‡∏Å‡∏≤‡∏£‡∏à‡∏±‡∏î‡∏Å‡∏≤‡∏£‡∏®‡∏∂‡∏Å‡∏©‡∏≤,98.0%,‡πÇ‡∏Ñ‡∏£‡∏á‡∏Å‡∏≤‡∏£‡∏ó‡∏µ‡πà‡πÑ‡∏°‡πà‡πÑ‡∏î‡πâ‡∏ó‡∏≥ ‡πÇ‡∏£‡∏á‡πÄ‡∏£‡∏µ‡∏¢‡∏ô‡∏™‡∏≤‡∏°‡∏≤‡∏£‡∏ñ‡∏Å‡∏î‡∏¢‡∏Å‡πÄ‡∏•‡∏¥‡∏Å‡πÇ‡∏Ñ‡∏£‡∏á‡∏Å‡∏≤‡∏£‡πÑ‡∏î‡πâ ‡πÉ‡∏ô‡∏Ç‡∏±‡πâ‡∏ô‡∏ó‡∏µ‡πà 3 ‡∏≠‡∏¢‡πà‡∏≤‡∏á‡πÑ‡∏£‡∏Å‡πá‡∏ï‡∏≤‡∏°‡πÇ‡∏£‡∏á‡πÄ‡∏£‡∏µ‡∏¢‡∏ô‡∏™‡∏≤‡∏°‡∏≤‡∏£‡∏ñ‡πÄ‡∏•‡∏∑‡∏≠‡∏Å‡∏î‡∏≥‡πÄ‡∏ô‡∏¥‡∏ô‡πÑ‡∏î‡πâ‡∏´‡∏•‡∏≤‡∏Å‡∏´‡∏•‡∏≤‡∏¢‡∏ß‡∏¥‡∏ò‡∏µ‡∏ï‡∏≤‡∏°‡∏Ñ‡∏ß‡∏≤‡∏°‡πÄ‡∏´‡∏°‡∏≤‡∏∞‡∏™‡∏°‡πÅ‡∏•‡∏∞‡∏î‡∏∏‡∏•‡∏û‡∏¥‡∏ô‡∏¥‡∏à‡∏Ç‡∏≠‡∏á‡∏ú‡∏π‡πâ‡∏ö‡∏£‡∏¥‡∏´‡∏≤‡∏£‡∏™‡∏ñ‡∏≤‡∏ô‡∏®‡∏∂‡∏Å‡∏©‡∏≤ ‡πÄ‡∏ä‡πà‡∏ô ‡∏õ‡∏£‡∏±‡∏ö‡πÅ‡∏ú‡∏ô‡∏õ‡∏è‡∏¥‡∏ö‡∏±‡∏ï‡∏¥‡∏Å‡∏≤‡∏£‡∏õ‡∏£‡∏∞‡∏à‡∏≥‡∏õ‡∏µ ,‡∏õ‡∏£‡∏±‡∏ö‡πÇ‡∏Ñ‡∏£‡∏á‡∏Å‡∏≤‡∏£ ,‡∏¢‡∏Å‡πÄ‡∏•‡∏¥‡∏Å‡πÇ‡∏Ñ‡∏£‡∏á‡∏Å‡∏≤‡∏£
29/09/2022:21:53:39,save ‡∏¢‡∏±‡∏á‡πÑ‡∏á,‡∏Å‡∏≤‡∏£‡∏ö‡∏±‡∏ô‡∏ó‡∏∂‡∏Å,99.0%,‡∏Ç‡∏±‡πâ‡∏ô‡∏ï‡∏≠‡∏ô‡∏ó‡∏µ‡πà‡πÄ‡∏ó‡πà‡∏≤‡πÑ‡∏´‡∏£‡πà‡∏´‡∏£‡∏≠‡∏Ñ‡∏∞
29/09/2022:21:53:40,‡πÄ‡∏ã‡∏ü‡∏¢‡∏±‡∏á‡πÑ‡∏á,‡∏Å‡∏≤‡∏£‡∏ö‡∏±‡∏ô‡∏ó‡∏∂‡∏Å,98.0%,‡∏Ç‡∏±‡πâ‡∏ô‡∏ï‡∏≠‡∏ô‡∏ó‡∏µ‡πà‡πÄ‡∏ó‡πà‡∏≤‡πÑ‡∏´‡∏£‡πà‡∏´‡∏£‡∏≠‡∏Ñ‡∏∞
29/09/2022:21:53:47,3,3-‡∏Å‡∏≤‡∏£‡∏î‡∏≥‡πÄ‡∏ô‡∏¥‡∏ô‡∏Å‡∏≤‡∏£‡∏ï‡∏≤‡∏°‡πÅ‡∏ú‡∏ô‡∏Å‡∏≤‡∏£‡∏à‡∏±‡∏î‡∏Å‡∏≤‡∏£‡∏®‡∏∂‡∏Å‡∏©‡∏≤,98.0%,‡πÇ‡∏Ñ‡∏£‡∏á‡∏Å‡∏≤‡∏£‡∏ó‡∏µ‡πà‡πÑ‡∏°‡πà‡πÑ‡∏î‡πâ‡∏ó‡∏≥ ‡πÇ‡∏£‡∏á‡πÄ‡∏£‡∏µ‡∏¢‡∏ô‡∏™‡∏≤‡∏°‡∏≤‡∏£‡∏ñ‡∏Å‡∏î‡∏¢‡∏Å‡πÄ‡∏•‡∏¥‡∏Å‡πÇ‡∏Ñ‡∏£‡∏á‡∏Å‡∏≤‡∏£‡πÑ‡∏î‡πâ ‡πÉ‡∏ô‡∏Ç‡∏±‡πâ‡∏ô‡∏ó‡∏µ‡πà 3 ‡∏≠‡∏¢‡πà‡∏≤‡∏á‡πÑ‡∏£‡∏Å‡πá‡∏ï‡∏≤‡∏°‡πÇ‡∏£‡∏á‡πÄ‡∏£‡∏µ‡∏¢‡∏ô‡∏™‡∏≤‡∏°‡∏≤‡∏£‡∏ñ‡πÄ‡∏•‡∏∑‡∏≠‡∏Å‡∏î‡∏≥‡πÄ‡∏ô‡∏¥‡∏ô‡πÑ‡∏î‡πâ‡∏´‡∏•‡∏≤‡∏Å‡∏´‡∏•‡∏≤‡∏¢‡∏ß‡∏¥‡∏ò‡∏µ‡∏ï‡∏≤‡∏°‡∏Ñ‡∏ß‡∏≤‡∏°‡πÄ‡∏´‡∏°‡∏≤‡∏∞‡∏™‡∏°‡πÅ‡∏•‡∏∞‡∏î‡∏∏‡∏•‡∏û‡∏¥‡∏ô‡∏¥‡∏à‡∏Ç‡∏≠‡∏á‡∏ú‡∏π‡πâ‡∏ö‡∏£‡∏¥‡∏´‡∏≤‡∏£‡∏™‡∏ñ‡∏≤‡∏ô‡∏®‡∏∂‡∏Å‡∏©‡∏≤ ‡πÄ‡∏ä‡πà‡∏ô ‡∏õ‡∏£‡∏±‡∏ö‡πÅ‡∏ú‡∏ô‡∏õ‡∏è‡∏¥‡∏ö‡∏±‡∏ï‡∏¥‡∏Å‡∏≤‡∏£‡∏õ‡∏£‡∏∞‡∏à‡∏≥‡∏õ‡∏µ ,‡∏õ‡∏£‡∏±‡∏ö‡πÇ‡∏Ñ‡∏£‡∏á‡∏Å‡∏≤‡∏£ ,‡∏¢‡∏Å‡πÄ‡∏•‡∏¥‡∏Å‡πÇ‡∏Ñ‡∏£‡∏á‡∏Å‡∏≤‡∏£
29/09/2022:21:53:55,safe ‡∏¢‡∏±‡∏á‡πÑ‡∏á,False,48.0%,‡πÑ‡∏°‡πà‡πÄ‡∏Ç‡πâ‡∏≤‡πÉ‡∏à‡∏Ñ‡∏≥‡∏ñ‡∏≤‡∏°‡∏Ñ‡πà‡∏∞ ‡∏Å‡∏£‡∏∏‡∏ì‡∏≤‡∏ñ‡∏≤‡∏°‡πÉ‡∏´‡∏°‡πà‡∏≠‡∏µ‡∏Å‡∏ó‡∏µ‡∏ô‡∏∞‡∏Ñ‡∏∞
29/09/2022:21:54:01,‡πÄ‡∏ã‡∏ü‡∏¢‡∏±‡∏á‡∏á‡∏±‡∏¢,‡∏Å‡∏≤‡∏£‡∏ö‡∏±‡∏ô‡∏ó‡∏∂‡∏Å,98.0%,‡∏Ç‡∏±‡πâ‡∏ô‡∏ï‡∏≠‡∏ô‡∏ó‡∏µ‡πà‡πÄ‡∏ó‡πà‡∏≤‡πÑ‡∏´‡∏£‡πà‡∏´‡∏£‡∏≠‡∏Ñ‡∏∞
29/09/2022:21:54:05,3,3-‡∏Å‡∏≤‡∏£‡∏î‡∏≥‡πÄ‡∏ô‡∏¥‡∏ô‡∏Å‡∏≤‡∏£‡∏ï‡∏≤‡∏°‡πÅ‡∏ú‡∏ô‡∏Å‡∏≤‡∏£‡∏à‡∏±‡∏î‡∏Å‡∏≤‡∏£‡∏®‡∏∂‡∏Å‡∏©‡∏≤,98.0%,‡πÇ‡∏Ñ‡∏£‡∏á‡∏Å‡∏≤‡∏£‡∏ó‡∏µ‡πà‡πÑ‡∏°‡πà‡πÑ‡∏î‡πâ‡∏ó‡∏≥ ‡πÇ‡∏£‡∏á‡πÄ‡∏£‡∏µ‡∏¢‡∏ô‡∏™‡∏≤‡∏°‡∏≤‡∏£‡∏ñ‡∏Å‡∏î‡∏¢‡∏Å‡πÄ‡∏•‡∏¥‡∏Å‡πÇ‡∏Ñ‡∏£‡∏á‡∏Å‡∏≤‡∏£‡πÑ‡∏î‡πâ ‡πÉ‡∏ô‡∏Ç‡∏±‡πâ‡∏ô‡∏ó‡∏µ‡πà 3 ‡∏≠‡∏¢‡πà‡∏≤‡∏á‡πÑ‡∏£‡∏Å‡πá‡∏ï‡∏≤‡∏°‡πÇ‡∏£‡∏á‡πÄ‡∏£‡∏µ‡∏¢‡∏ô‡∏™‡∏≤‡∏°‡∏≤‡∏£‡∏ñ‡πÄ‡∏•‡∏∑‡∏≠‡∏Å‡∏î‡∏≥‡πÄ‡∏ô‡∏¥‡∏ô‡πÑ‡∏î‡πâ‡∏´‡∏•‡∏≤‡∏Å‡∏´‡∏•‡∏≤‡∏¢‡∏ß‡∏¥‡∏ò‡∏µ‡∏ï‡∏≤‡∏°‡∏Ñ‡∏ß‡∏≤‡∏°‡πÄ‡∏´‡∏°‡∏≤‡∏∞‡∏™‡∏°‡πÅ‡∏•‡∏∞‡∏î‡∏∏‡∏•‡∏û‡∏¥‡∏ô‡∏¥‡∏à‡∏Ç‡∏≠‡∏á‡∏ú‡∏π‡πâ‡∏ö‡∏£‡∏¥‡∏´‡∏≤‡∏£‡∏™‡∏ñ‡∏≤‡∏ô‡∏®‡∏∂‡∏Å‡∏©‡∏≤ ‡πÄ‡∏ä‡πà‡∏ô ‡∏õ‡∏£‡∏±‡∏ö‡πÅ‡∏ú‡∏ô‡∏õ‡∏è‡∏¥‡∏ö‡∏±‡∏ï‡∏¥‡∏Å‡∏≤‡∏£‡∏õ‡∏£‡∏∞‡∏à‡∏≥‡∏õ‡∏µ ,‡∏õ‡∏£‡∏±‡∏ö‡πÇ‡∏Ñ‡∏£‡∏á‡∏Å‡∏≤‡∏£ ,‡∏¢‡∏Å‡πÄ‡∏•‡∏¥‡∏Å‡πÇ‡∏Ñ‡∏£‡∏á‡∏Å‡∏≤‡∏£
29/09/2022:21:57:30,‡πÄ‡∏ã‡∏ü‡∏¢‡∏±‡∏á‡πÑ‡∏á,‡∏Å‡∏≤‡∏£‡∏ö‡∏±‡∏ô‡∏ó‡∏∂‡∏Å,98.0%,‡∏Ç‡∏±‡πâ‡∏ô‡∏ï‡∏≠‡∏ô‡∏ó‡∏µ‡πà‡πÄ‡∏ó‡πà‡∏≤‡πÑ‡∏´‡∏£‡πà‡∏´‡∏£‡∏≠‡∏Ñ‡∏∞
29/09/2022:22:11:47,save ‡∏¢‡∏±‡∏á‡πÑ‡∏á,‡∏Å‡∏≤‡∏£‡∏ö‡∏±‡∏ô‡∏ó‡∏∂‡∏Å,99.0%,‡∏Ç‡∏±‡πâ‡∏ô‡∏ï‡∏≠‡∏ô‡∏ó‡∏µ‡πà‡πÄ‡∏ó‡πà‡∏≤‡πÑ‡∏´‡∏£‡πà‡∏´‡∏£‡∏≠‡∏Ñ‡∏∞
29/09/2022:22:12:17,save ‡∏¢‡∏±‡∏á‡πÑ‡∏á?,‡∏Å‡∏≤‡∏£‡∏ö‡∏±‡∏ô‡∏ó‡∏∂‡∏Å,96.0%,‡∏Ç‡∏±‡πâ‡∏ô‡∏ï‡∏≠‡∏ô‡∏ó‡∏µ‡πà‡πÄ‡∏ó‡πà‡∏≤‡πÑ‡∏´‡∏£‡πà‡∏´‡∏£‡∏≠‡∏Ñ‡∏∞
29/09/2022:22:12:22,save ‡∏¢‡∏±‡∏á‡πÑ‡∏á‡∏Ç‡∏±‡πâ‡∏ô3,3-‡∏Å‡∏≤‡∏£‡∏ö‡∏±‡∏ô‡∏ó‡∏∂‡∏Å‡∏Ç‡πâ‡∏≠‡∏°‡∏π‡∏•,99.0%,‡∏ó‡πà‡∏≤‡∏ô‡∏™‡∏≤‡∏°‡∏≤‡∏£‡∏ñ‡∏®‡∏∂‡∏Å‡∏©‡∏≤‡∏à‡∏≤‡∏ÅVDO ‡∏≠‡∏ò‡∏¥‡∏ö‡∏≤‡∏¢‡∏Å‡∏≤‡∏£‡∏ö‡∏±‡∏ô‡∏ó‡∏∂‡∏Å‡∏Ç‡πâ‡∏≠‡∏°‡∏π‡∏• ‡∏Ç‡∏±‡πâ‡∏ô‡∏ó‡∏µ‡πà 4 ‡∏Å‡∏≤‡∏£‡∏ï‡∏¥‡∏î‡∏ï‡∏≤‡∏°‡∏ï‡∏£‡∏ß‡∏à‡∏™‡∏≠‡∏ö‡∏Ñ‡∏∏‡∏ì‡∏†‡∏≤‡∏û‡∏Å‡∏≤‡∏£‡∏à‡∏±‡∏î‡∏Å‡∏≤‡∏£‡∏®‡∏∂‡∏Å‡∏©‡∏≤üëâ https: //youtu.be/A1VT1rJxKMU
29/09/2022:22:12:44,save ‡∏¢‡∏±‡∏á‡πÑ‡∏á?‡∏Ç‡∏±‡πâ‡∏ô3,3-‡∏Å‡∏≤‡∏£‡∏ö‡∏±‡∏ô‡∏ó‡∏∂‡∏Å‡∏Ç‡πâ‡∏≠‡∏°‡∏π‡∏•,99.0%,‡∏ó‡πà‡∏≤‡∏ô‡∏™‡∏≤‡∏°‡∏≤‡∏£‡∏ñ‡∏®‡∏∂‡∏Å‡∏©‡∏≤‡∏à‡∏≤‡∏ÅVDO ‡∏≠‡∏ò‡∏¥‡∏ö‡∏≤‡∏¢‡∏Å‡∏≤‡∏£‡∏ö‡∏±‡∏ô‡∏ó‡∏∂‡∏Å‡∏Ç‡πâ‡∏≠‡∏°‡∏π‡∏• ‡∏Ç‡∏±‡πâ‡∏ô‡∏ó‡∏µ‡πà 4 ‡∏Å‡∏≤‡∏£‡∏ï‡∏¥‡∏î‡∏ï‡∏≤‡∏°‡∏ï‡∏£‡∏ß‡∏à‡∏™‡∏≠‡∏ö‡∏Ñ‡∏∏‡∏ì‡∏†‡∏≤‡∏û‡∏Å‡∏≤‡∏£‡∏à‡∏±‡∏î‡∏Å‡∏≤‡∏£‡∏®‡∏∂‡∏Å‡∏©‡∏≤üëâ https: //youtu.be/A1VT1rJxKMU
29/09/2022:22:13:15,save ‡∏¢‡∏±‡∏á‡πÑ‡∏á,‡∏Å‡∏≤‡∏£‡∏ö‡∏±‡∏ô‡∏ó‡∏∂‡∏Å,99.0%,‡∏Ç‡∏±‡πâ‡∏ô‡∏ï‡∏≠‡∏ô‡∏ó‡∏µ‡πà‡πÄ‡∏ó‡πà‡∏≤‡πÑ‡∏´‡∏£‡πà‡∏´‡∏£‡∏≠‡∏Ñ‡∏∞
29/09/2022:22:13:21,‡πÄ‡∏ã‡∏ü‡∏¢‡∏±‡∏á‡πÑ‡∏á,‡∏Å‡∏≤‡∏£‡∏ö‡∏±‡∏ô‡∏ó‡∏∂‡∏Å,98.0%,‡∏Ç‡∏±‡πâ‡∏ô‡∏ï‡∏≠‡∏ô‡∏ó‡∏µ‡πà‡πÄ‡∏ó‡πà‡∏≤‡πÑ‡∏´‡∏£‡πà‡∏´‡∏£‡∏≠‡∏Ñ‡∏∞
29/09/2022:22:13:29,save ‡∏¢‡∏±‡∏á‡πÑ‡∏á‡∏Ç‡∏±‡πâ‡∏ô7,7-‡∏ö‡∏±‡∏ô‡∏ó‡∏∂‡∏Å‡∏Ç‡πâ‡∏≠‡∏°‡∏π‡∏•,99.0%,‡∏ß‡∏¥‡∏ò‡∏µ‡∏Å‡∏≤‡∏£‡∏ö‡∏±‡∏ô‡∏ó‡∏∂‡∏Å‡∏Ç‡πâ‡∏≠‡∏°‡∏π‡∏•‡∏Ç‡∏±‡πâ‡∏ô‡∏ó‡∏µ‡πà 7 ‡∏Å‡∏≤‡∏£‡∏û‡∏±‡∏í‡∏ô‡∏≤‡∏Ñ‡∏∏‡∏ì‡∏†‡∏≤‡∏û‡∏Å‡∏≤‡∏£‡∏®‡∏∂‡∏Å‡∏©‡∏≤‡∏≠‡∏¢‡πà‡∏≤‡∏á‡∏ï‡πà‡∏≠‡πÄ‡∏ô‡∏∑‡πà‡∏≠‡∏á‡∏Ñ‡∏•‡∏¥‡∏Å https://drive.google.com/file/d/1qEtPj_WaaNKBu1v9K3TLqLJ0rwPa0tQ0/view ‡∏™‡∏≥‡∏´‡∏£‡∏±‡∏ö‡∏Ç‡πâ‡∏≠‡∏°‡∏π‡∏•‡πÇ‡∏Ñ‡∏£‡∏á‡∏Å‡∏≤‡∏£‡πÅ‡∏•‡∏∞‡∏Å‡∏¥‡∏à‡∏Å‡∏£‡∏£‡∏°‡πÉ‡∏´‡πâ‡πÉ‡∏™‡πà‡πÄ‡∏â‡∏û‡∏≤‡∏∞‡∏ó‡∏µ‡πà‡∏™‡∏≠‡∏î‡∏Ñ‡∏•‡πâ‡∏≠‡∏á‡∏Å‡∏±‡∏ö‡πÅ‡∏ô‡∏ß‡∏ó‡∏≤‡∏á‡∏Å‡∏≤‡∏£‡∏û‡∏±‡∏í‡∏ô‡∏≤‡πÉ‡∏ô‡∏≠‡∏ô‡∏≤‡∏Ñ‡∏ï‡∏ó‡∏µ‡πà‡πÇ‡∏£‡∏á‡πÄ‡∏£‡∏µ‡∏¢‡∏ô‡πÄ‡∏Ç‡∏µ‡∏¢‡∏ô‡πÑ‡∏ß‡πâ
29/09/2022:22:13:34,‡πÄ‡∏ã‡∏ü‡∏¢‡∏±‡∏á‡πÑ‡∏á‡∏Ç‡∏±‡πâ‡∏ô3,3-‡∏Å‡∏≤‡∏£‡∏ö‡∏±‡∏ô‡∏ó‡∏∂‡∏Å‡∏Ç‡πâ‡∏≠‡∏°‡∏π‡∏•,99.0%,‡∏ó‡πà‡∏≤‡∏ô‡∏™‡∏≤‡∏°‡∏≤‡∏£‡∏ñ‡∏®‡∏∂‡∏Å‡∏©‡∏≤‡∏à‡∏≤‡∏ÅVDO ‡∏≠‡∏ò‡∏¥‡∏ö‡∏≤‡∏¢‡∏Å‡∏≤‡∏£‡∏ö‡∏±‡∏ô‡∏ó‡∏∂‡∏Å‡∏Ç‡πâ‡∏≠‡∏°‡∏π‡∏• ‡∏Ç‡∏±‡πâ‡∏ô‡∏ó‡∏µ‡πà 4 ‡∏Å‡∏≤‡∏£‡∏ï‡∏¥‡∏î‡∏ï‡∏≤‡∏°‡∏ï‡∏£‡∏ß‡∏à‡∏™‡∏≠‡∏ö‡∏Ñ‡∏∏‡∏ì‡∏†‡∏≤‡∏û‡∏Å‡∏≤‡∏£‡∏à‡∏±‡∏î‡∏Å‡∏≤‡∏£‡∏®‡∏∂‡∏Å‡∏©‡∏≤üëâ https: //youtu.be/A1VT1rJxKMU
29/09/2022:22:28:39,‡πÄ‡∏ã‡∏ü‡∏¢‡∏±‡∏á‡πÑ‡∏á,‡∏Å‡∏≤‡∏£‡∏ö‡∏±‡∏ô‡∏ó‡∏∂‡∏Å,98.0%,‡∏Ç‡∏±‡πâ‡∏ô‡∏ï‡∏≠‡∏ô‡∏ó‡∏µ‡πà‡πÄ‡∏ó‡πà‡∏≤‡πÑ‡∏´‡∏£‡πà‡∏´‡∏£‡∏≠‡∏Ñ‡∏∞
29/09/2022:22:28:48,‡πÄ‡∏ã‡∏ü‡∏¢‡∏±‡∏á‡πÑ‡∏á‡∏Ç‡∏±‡πâ‡∏ô3,3-‡∏Å‡∏≤‡∏£‡∏ö‡∏±‡∏ô‡∏ó‡∏∂‡∏Å‡∏Ç‡πâ‡∏≠‡∏°‡∏π‡∏•,99.0%,‡∏ó‡πà‡∏≤‡∏ô‡∏™‡∏≤‡∏°‡∏≤‡∏£‡∏ñ‡∏®‡∏∂‡∏Å‡∏©‡∏≤‡∏à‡∏≤‡∏ÅVDO ‡∏≠‡∏ò‡∏¥‡∏ö‡∏≤‡∏¢‡∏Å‡∏≤‡∏£‡∏ö‡∏±‡∏ô‡∏ó‡∏∂‡∏Å‡∏Ç‡πâ‡∏≠‡∏°‡∏π‡∏• ‡∏Ç‡∏±‡πâ‡∏ô‡∏ó‡∏µ‡πà 4 ‡∏Å‡∏≤‡∏£‡∏ï‡∏¥‡∏î‡∏ï‡∏≤‡∏°‡∏ï‡∏£‡∏ß‡∏à‡∏™‡∏≠‡∏ö‡∏Ñ‡∏∏‡∏ì‡∏†‡∏≤‡∏û‡∏Å‡∏≤‡∏£‡∏à‡∏±‡∏î‡∏Å‡∏≤‡∏£‡∏®‡∏∂‡∏Å‡∏©‡∏≤üëâ https: //youtu.be/A1VT1rJxKMU
29/09/2022:22:28:53,‡∏Å‡∏≤‡∏£‡∏Å‡∏≥‡∏´‡∏ô‡∏î‡∏°‡∏≤‡∏ï‡∏£‡∏ê‡∏≤‡∏ô,1-‡∏Å‡∏≥‡∏´‡∏ô‡∏î‡∏°‡∏≤‡∏ï‡∏£‡∏ê‡∏≤‡∏ô,75.0%,‡∏ß‡∏¥‡∏ò‡∏µ‡∏Å‡∏≤‡∏£‡πÉ‡∏™‡πà‡∏Ç‡πâ‡∏≠‡∏°‡∏π‡∏•‡∏Ç‡∏±‡πâ‡∏ô‡∏ó‡∏µ‡πà 1 ‡∏Å‡∏≥‡∏´‡∏ô‡∏î‡∏°‡∏≤‡∏ï‡∏£‡∏ê‡∏≤‡∏ô‡∏Ø ‡∏´‡∏≤‡∏Å‡πÄ‡∏Ç‡πâ‡∏≤‡∏°‡∏≤‡∏Ñ‡∏£‡∏±‡πâ‡∏á‡πÅ‡∏£‡∏Å‡πÉ‡∏´‡πâ‡∏Ñ‡∏•‡∏¥‡∏Å‡∏õ‡∏∏‡πà‡∏°‡πÄ‡∏û‡∏¥‡πà‡∏°‡∏°‡∏≤‡∏ï‡∏£‡∏ê‡∏≤‡∏ô ‡∏°‡∏∏‡∏°‡∏ö‡∏ô‡∏Ç‡∏ß‡∏≤‡∏°‡∏∑‡∏≠ ‡∏™‡∏≤‡∏°‡∏≤‡∏£‡∏ñ‡∏î‡∏π‡∏ß‡∏¥‡∏ò‡∏µ‡∏Å‡∏≤‡∏£‡πÅ‡∏ö‡∏ö VDO ‡πÑ‡∏î‡πâ‡∏ú‡πà‡∏≤‡∏ôlink ‡∏ô‡∏µ‡πâ üëâhttps://youtu.be/1Ii49Vr8ssA
29/09/2022:22:29:13,‡πÄ‡∏ã‡∏ü‡∏Ç‡∏±‡πâ‡∏ô‡∏ï‡∏≠‡∏ô‡∏ó‡∏µ‡πà 3 ‡∏¢‡∏±‡∏á‡πÑ‡∏á,3-‡∏Å‡∏≤‡∏£‡∏ö‡∏±‡∏ô‡∏ó‡∏∂‡∏Å‡∏Ç‡πâ‡∏≠‡∏°‡∏π‡∏•,99.0%,‡∏ó‡πà‡∏≤‡∏ô‡∏™‡∏≤‡∏°‡∏≤‡∏£‡∏ñ‡∏®‡∏∂‡∏Å‡∏©‡∏≤‡∏à‡∏≤‡∏ÅVDO ‡∏≠‡∏ò‡∏¥‡∏ö‡∏≤‡∏¢‡∏Å‡∏≤‡∏£‡∏ö‡∏±‡∏ô‡∏ó‡∏∂‡∏Å‡∏Ç‡πâ‡∏≠‡∏°‡∏π‡∏• ‡∏Ç‡∏±‡πâ‡∏ô‡∏ó‡∏µ‡πà 4 ‡∏Å‡∏≤‡∏£‡∏ï‡∏¥‡∏î‡∏ï‡∏≤‡∏°‡∏ï‡∏£‡∏ß‡∏à‡∏™‡∏≠‡∏ö‡∏Ñ‡∏∏‡∏ì‡∏†‡∏≤‡∏û‡∏Å‡∏≤‡∏£‡∏à‡∏±‡∏î‡∏Å‡∏≤‡∏£‡∏®‡∏∂‡∏Å‡∏©‡∏≤üëâ https: //youtu.be/A1VT1rJxKMU
29/09/2022:22:29:27,‡∏Ç‡∏±‡πâ‡∏ô‡∏ï‡∏≠‡∏ô‡∏ó‡∏µ‡πà 5.2 ‡πÑ‡∏°‡πà‡∏°‡∏µ‡∏Ç‡πâ‡∏≠‡∏°‡∏π‡∏•,5.2-‡πÑ‡∏°‡πà‡∏°‡∏µ‡∏Ç‡πâ‡∏≠‡∏°‡∏π‡∏•,99.0%,‡πÄ‡∏ô‡∏∑‡πà‡∏≠‡∏á‡∏à‡∏≤‡∏Å‡∏ú‡∏π‡πâ‡∏õ‡∏£‡∏∞‡πÄ‡∏°‡∏¥‡∏ô‡∏¢‡∏±‡∏á‡πÑ‡∏°‡πà‡πÑ‡∏î‡πâ‡∏¢‡∏∑‡∏ô‡∏¢‡∏±‡∏ô‡∏ú‡∏•‡∏Å‡∏≤‡∏£‡∏õ‡∏£‡∏∞‡πÄ‡∏°‡∏¥‡∏ô‡πÉ‡∏ô‡∏£‡∏∞‡∏ö‡∏ö ‡∏Ñ‡∏£‡∏ö‡∏ó‡∏∏‡∏Å‡∏ó‡πà‡∏≤‡∏ô
29/09/2022:22:30:44,‡πÑ‡∏°‡πà‡∏°‡∏µ‡∏Ç‡πâ‡∏≠‡∏°‡∏π‡∏•‡∏¥‡∏±,False,43.0%,‡πÑ‡∏°‡πà‡πÄ‡∏Ç‡πâ‡∏≤‡πÉ‡∏à‡∏Ñ‡∏≥‡∏ñ‡∏≤‡∏°‡∏Ñ‡πà‡∏∞ ‡∏Å‡∏£‡∏∏‡∏ì‡∏≤‡∏ñ‡∏≤‡∏°‡πÉ‡∏´‡∏°‡πà‡∏≠‡∏µ‡∏Å‡∏ó‡∏µ‡∏ô‡∏∞‡∏Ñ‡∏∞
29/09/2022:22:30:51,‡πÑ‡∏°‡πà‡∏°‡∏µ‡∏Ç‡πâ‡∏≠‡∏°‡∏π‡∏•‡∏≠‡∏∞,‡πÑ‡∏°‡πà‡∏°‡∏µ‡∏Ç‡πâ‡∏≠‡∏°‡∏π‡∏•,93.0%,‡πÑ‡∏°‡πà‡∏°‡∏µ‡∏Ç‡πâ‡∏≠‡∏°‡∏π‡∏•
29/09/2022:22:38:01,‡πÑ‡∏°‡πà‡∏°‡∏µ‡∏Ç‡πâ‡∏≠‡∏°‡∏π‡∏•‡∏≠‡∏∞,‡πÑ‡∏°‡πà‡∏°‡∏µ‡∏Ç‡πâ‡∏≠‡∏°‡∏π‡∏•,93.0%,‡∏Ç‡∏±‡πâ‡∏ô‡∏ï‡∏≠‡∏ô‡∏ó‡∏µ‡πà‡πÄ‡∏ó‡πà‡∏≤‡πÑ‡∏´‡∏£‡πà‡∏´‡∏£‡∏≠‡∏Ñ‡∏∞
29/09/2022:22:38:08,‡πÑ‡∏°‡πà‡∏°‡∏µ‡∏Ç‡πâ‡∏≠‡∏°‡∏π‡∏•‡∏≠‡∏∞‡∏Ç‡∏±‡πâ‡∏ô5.2,2.1-‡πÅ‡∏ú‡∏ô‡∏û‡∏±‡∏í‡∏ô‡∏≤‡∏Ø‡πÑ‡∏°‡πà‡∏°‡∏µ‡∏Ç‡πâ‡∏≠‡∏°‡∏π‡∏•,75.0%,‡πÄ‡∏ö‡∏∑‡πâ‡∏≠‡∏á‡∏ï‡πâ‡∏ô‡πÉ‡∏´‡πâ‡∏ï‡∏£‡∏ß‡∏à‡∏™‡∏≠‡∏ö‡∏ß‡πà‡∏≤‡∏õ‡∏µ‡∏ô‡∏µ‡πâ‡πÄ‡∏õ‡πá‡∏ô‡∏õ‡∏µ‡∏ó‡∏µ‡πà‡πÇ‡∏£‡∏á‡πÄ‡∏£‡∏µ‡∏¢‡∏ô‡∏à‡∏±‡∏î‡∏ó‡∏≥‡πÅ‡∏ú‡∏ô‡∏û‡∏±‡∏í‡∏ô‡∏≤‡∏Å‡∏≤‡∏£‡∏à‡∏±‡∏î‡∏Å‡∏≤‡∏£‡∏®‡∏∂‡∏Å‡∏©‡∏≤‡∏â‡∏ö‡∏±‡∏ö‡πÉ‡∏´‡∏°‡πà‡∏´‡∏£‡∏∑‡∏≠‡πÑ‡∏°‡πà ‡∏ã‡∏∂‡πà‡∏á‡∏´‡∏≤‡∏Å‡πÄ‡∏õ‡πá‡∏ô‡∏õ‡∏µ‡∏ó‡∏µ‡πà‡πÇ‡∏£‡∏á‡πÄ‡∏£‡∏µ‡∏¢‡∏ô‡∏ó‡∏≥‡πÅ‡∏ú‡∏ô‡∏û‡∏±‡∏í‡∏ô‡∏≤‡∏â‡∏ö‡∏±‡∏ö‡πÉ‡∏´‡∏°‡πà‡∏£‡∏∞‡∏ö‡∏ö‡∏à‡∏∞‡πÑ‡∏°‡πà‡∏î‡∏∂‡∏á‡∏Ç‡πâ‡∏≠‡∏°‡∏π‡∏•‡∏õ‡∏µ‡∏ó‡∏µ‡πà‡∏ú‡πà‡∏≤‡∏ô‡∏°‡∏≤‡πÄ‡∏û‡∏∑‡πà‡∏≠‡πÉ‡∏´‡πâ‡πÇ‡∏£‡∏á‡πÄ‡∏£‡∏µ‡∏¢‡∏ô‡∏ö‡∏±‡∏ô‡∏ó‡∏∂‡∏Å‡∏Ç‡πâ‡∏≠‡∏°‡∏π‡∏•‡πÉ‡∏´‡∏°‡πà‡πÑ‡∏î‡πâ‡∏™‡∏∞‡∏î‡∏ß‡∏Å ‡πÅ‡∏ï‡πà‡∏´‡∏≤‡∏Å‡∏õ‡∏µ‡∏ô‡∏µ‡πâ‡πÑ‡∏°‡πà‡πÉ‡∏ä‡πà‡∏õ‡∏µ‡∏ó‡∏µ‡πà‡πÇ‡∏£‡∏á‡πÄ‡∏£‡∏µ‡∏¢‡∏ô‡∏à‡∏±‡∏î‡∏ó‡∏≥‡πÅ‡∏ú‡∏ô‡∏û‡∏±‡∏í‡∏ô‡∏≤‡∏â‡∏ö‡∏±‡∏ö‡πÉ‡∏´‡∏°‡πà ‡πÅ‡∏•‡∏∞‡∏£‡∏∞‡∏ö‡∏ö‡πÑ‡∏°‡πà‡∏î‡∏∂‡∏á‡∏Ç‡πâ‡∏≠‡∏°‡∏π‡∏•‡∏õ‡∏µ‡∏ó‡∏µ‡πà‡∏ú‡πà‡∏≤‡∏ô‡∏°‡∏≤ ‡πÄ‡∏ö‡∏∑‡πâ‡∏≠‡∏á‡∏ï‡πâ‡∏ô‡πÉ‡∏´‡πâ‡πÇ‡∏£‡∏á‡πÄ‡∏£‡∏µ‡∏¢‡∏ô‡∏ï‡∏£‡∏ß‡∏à‡∏™‡∏≠‡∏ö‡∏ß‡πà‡∏≤‡∏õ‡∏µ‡∏ó‡∏µ‡πà‡∏ú‡πà‡∏≤‡∏ô‡πÉ‡∏™‡πà‡∏£‡∏∞‡∏¢‡∏∞‡πÄ‡∏ß‡∏•‡∏≤‡∏Ç‡∏≠‡∏á‡πÅ‡∏ú‡∏ô‡∏û‡∏±‡∏í‡∏ô‡∏≤‡∏ñ‡∏π‡∏Å‡∏ï‡πâ‡∏≠‡∏á‡∏´‡∏£‡∏∑‡∏≠‡πÑ‡∏°‡πà ‡∏´‡∏≤‡∏Å‡∏ï‡∏£‡∏ß‡∏à‡∏™‡∏≠‡∏ö‡∏ß‡πà‡∏≤‡∏õ‡∏µ‡∏ó‡∏µ‡πà‡∏ú‡πà‡∏≤‡∏ô‡∏°‡∏µ‡∏Å‡∏≤‡∏£‡πÉ‡∏™‡πà‡∏õ‡∏µ‡∏û.‡∏®.‡∏ï‡∏£‡∏á‡∏£‡∏∞‡∏¢‡∏∞‡πÄ‡∏ß‡∏•‡∏≤ ‡∏ú‡∏¥‡∏î ‡πÇ‡∏õ‡∏£‡∏î‡πÅ‡∏à‡πâ‡∏á‡∏ä‡∏∑‡πà‡∏≠‡πÇ‡∏£‡∏á‡πÄ‡∏£‡∏µ‡∏¢‡∏ô ‡πÄ‡∏Ç‡∏ï ‡πÅ‡∏•‡∏∞‡∏£‡∏∞‡∏î‡∏±‡∏ö‡∏Å‡∏≤‡∏£‡∏®‡∏∂‡∏Å‡∏©‡∏≤ ‡πÅ‡∏•‡∏∞‡∏£‡∏∞‡∏¢‡∏∞‡πÄ‡∏ß‡∏•‡∏≤ ‡∏û.‡∏®. - ‡∏û.‡∏®. ‡πÄ‡∏û‡∏∑‡πà‡∏≠‡πÉ‡∏´‡πâ‡πÄ‡∏à‡πâ‡∏≤‡∏´‡∏ô‡πâ‡∏≤‡∏ó‡∏µ‡πà‡πÅ‡∏Å‡πâ‡πÑ‡∏Ç ‡∏´‡∏£‡∏∑‡∏≠‡∏ï‡∏¥‡∏î‡∏ï‡πà‡∏≠ 02-4376631-5 ‡∏ï‡πà‡∏≠ 3477
29/09/2022:22:38:14,‡πÑ‡∏°‡πà‡∏°‡∏µ‡∏Ç‡πâ‡∏≠‡∏°‡∏π‡∏•‡∏≠‡∏∞,‡πÑ‡∏°‡πà‡∏°‡∏µ‡∏Ç‡πâ‡∏≠‡∏°‡∏π‡∏•,93.0%,‡∏Ç‡∏±‡πâ‡∏ô‡∏ï‡∏≠‡∏ô‡∏ó‡∏µ‡πà‡πÄ‡∏ó‡πà‡∏≤‡πÑ‡∏´‡∏£‡πà‡∏´‡∏£‡∏≠‡∏Ñ‡∏∞
29/09/2022:22:38:21,‡πÑ‡∏°‡πà‡∏°‡∏µ‡∏Ç‡πâ‡∏≠‡∏°‡∏π‡∏•‡∏≠‡∏∞‡∏Ç‡∏±‡πâ‡∏ô‡∏ï‡∏≠‡∏ô‡∏ó‡∏µ‡πà 5.2 ‡∏Ñ‡πà‡∏∞,2.1-‡πÅ‡∏ú‡∏ô‡∏û‡∏±‡∏í‡∏ô‡∏≤‡∏Ø‡πÑ‡∏°‡πà‡∏°‡∏µ‡∏Ç‡πâ‡∏≠‡∏°‡∏π‡∏•,75.0%,‡πÄ‡∏ö‡∏∑‡πâ‡∏≠‡∏á‡∏ï‡πâ‡∏ô‡πÉ‡∏´‡πâ‡∏ï‡∏£‡∏ß‡∏à‡∏™‡∏≠‡∏ö‡∏ß‡πà‡∏≤‡∏õ‡∏µ‡∏ô‡∏µ‡πâ‡πÄ‡∏õ‡πá‡∏ô‡∏õ‡∏µ‡∏ó‡∏µ‡πà‡πÇ‡∏£‡∏á‡πÄ‡∏£‡∏µ‡∏¢‡∏ô‡∏à‡∏±‡∏î‡∏ó‡∏≥‡πÅ‡∏ú‡∏ô‡∏û‡∏±‡∏í‡∏ô‡∏≤‡∏Å‡∏≤‡∏£‡∏à‡∏±‡∏î‡∏Å‡∏≤‡∏£‡∏®‡∏∂‡∏Å‡∏©‡∏≤‡∏â‡∏ö‡∏±‡∏ö‡πÉ‡∏´‡∏°‡πà‡∏´‡∏£‡∏∑‡∏≠‡πÑ‡∏°‡πà ‡∏ã‡∏∂‡πà‡∏á‡∏´‡∏≤‡∏Å‡πÄ‡∏õ‡πá‡∏ô‡∏õ‡∏µ‡∏ó‡∏µ‡πà‡πÇ‡∏£‡∏á‡πÄ‡∏£‡∏µ‡∏¢‡∏ô‡∏ó‡∏≥‡πÅ‡∏ú‡∏ô‡∏û‡∏±‡∏í‡∏ô‡∏≤‡∏â‡∏ö‡∏±‡∏ö‡πÉ‡∏´‡∏°‡πà‡∏£‡∏∞‡∏ö‡∏ö‡∏à‡∏∞‡πÑ‡∏°‡πà‡∏î‡∏∂‡∏á‡∏Ç‡πâ‡∏≠‡∏°‡∏π‡∏•‡∏õ‡∏µ‡∏ó‡∏µ‡πà‡∏ú‡πà‡∏≤‡∏ô‡∏°‡∏≤‡πÄ‡∏û‡∏∑‡πà‡∏≠‡πÉ‡∏´‡πâ‡πÇ‡∏£‡∏á‡πÄ‡∏£‡∏µ‡∏¢‡∏ô‡∏ö‡∏±‡∏ô‡∏ó‡∏∂‡∏Å‡∏Ç‡πâ‡∏≠‡∏°‡∏π‡∏•‡πÉ‡∏´‡∏°‡πà‡πÑ‡∏î‡πâ‡∏™‡∏∞‡∏î‡∏ß‡∏Å ‡πÅ‡∏ï‡πà‡∏´‡∏≤‡∏Å‡∏õ‡∏µ‡∏ô‡∏µ‡πâ‡πÑ‡∏°‡πà‡πÉ‡∏ä‡πà‡∏õ‡∏µ‡∏ó‡∏µ‡πà‡πÇ‡∏£‡∏á‡πÄ‡∏£‡∏µ‡∏¢‡∏ô‡∏à‡∏±‡∏î‡∏ó‡∏≥‡πÅ‡∏ú‡∏ô‡∏û‡∏±‡∏í‡∏ô‡∏≤‡∏â‡∏ö‡∏±‡∏ö‡πÉ‡∏´‡∏°‡πà ‡πÅ‡∏•‡∏∞‡∏£‡∏∞‡∏ö‡∏ö‡πÑ‡∏°‡πà‡∏î‡∏∂‡∏á‡∏Ç‡πâ‡∏≠‡∏°‡∏π‡∏•‡∏õ‡∏µ‡∏ó‡∏µ‡πà‡∏ú‡πà‡∏≤‡∏ô‡∏°‡∏≤ ‡πÄ‡∏ö‡∏∑‡πâ‡∏≠‡∏á‡∏ï‡πâ‡∏ô‡πÉ‡∏´‡πâ‡πÇ‡∏£‡∏á‡πÄ‡∏£‡∏µ‡∏¢‡∏ô‡∏ï‡∏£‡∏ß‡∏à‡∏™‡∏≠‡∏ö‡∏ß‡πà‡∏≤‡∏õ‡∏µ‡∏ó‡∏µ‡πà‡∏ú‡πà‡∏≤‡∏ô‡πÉ‡∏™‡πà‡∏£‡∏∞‡∏¢‡∏∞‡πÄ‡∏ß‡∏•‡∏≤‡∏Ç‡∏≠‡∏á‡πÅ‡∏ú‡∏ô‡∏û‡∏±‡∏í‡∏ô‡∏≤‡∏ñ‡∏π‡∏Å‡∏ï‡πâ‡∏≠‡∏á‡∏´‡∏£‡∏∑‡∏≠‡πÑ‡∏°‡πà ‡∏´‡∏≤‡∏Å‡∏ï‡∏£‡∏ß‡∏à‡∏™‡∏≠‡∏ö‡∏ß‡πà‡∏≤‡∏õ‡∏µ‡∏ó‡∏µ‡πà‡∏ú‡πà‡∏≤‡∏ô‡∏°‡∏µ‡∏Å‡∏≤‡∏£‡πÉ‡∏™‡πà‡∏õ‡∏µ‡∏û.‡∏®.‡∏ï‡∏£‡∏á‡∏£‡∏∞‡∏¢‡∏∞‡πÄ‡∏ß‡∏•‡∏≤ ‡∏ú‡∏¥‡∏î ‡πÇ‡∏õ‡∏£‡∏î‡πÅ‡∏à‡πâ‡∏á‡∏ä‡∏∑‡πà‡∏≠‡πÇ‡∏£‡∏á‡πÄ‡∏£‡∏µ‡∏¢‡∏ô ‡πÄ‡∏Ç‡∏ï ‡πÅ‡∏•‡∏∞‡∏£‡∏∞‡∏î‡∏±‡∏ö‡∏Å‡∏≤‡∏£‡∏®‡∏∂‡∏Å‡∏©‡∏≤ ‡πÅ‡∏•‡∏∞‡∏£‡∏∞‡∏¢‡∏∞‡πÄ‡∏ß‡∏•‡∏≤ ‡∏û.‡∏®. - ‡∏û.‡∏®. ‡πÄ‡∏û‡∏∑‡πà‡∏≠‡πÉ‡∏´‡πâ‡πÄ‡∏à‡πâ‡∏≤‡∏´‡∏ô‡πâ‡∏≤‡∏ó‡∏µ‡πà‡πÅ‡∏Å‡πâ‡πÑ‡∏Ç ‡∏´‡∏£‡∏∑‡∏≠‡∏ï‡∏¥‡∏î‡∏ï‡πà‡∏≠ 02-4376631-5 ‡∏ï‡πà‡∏≠ 3477
30/09/2022:10:43:14,‡πÄ‡∏ã‡∏ü‡∏¢‡∏±‡∏á‡πÑ‡∏á,‡∏Å‡∏≤‡∏£‡∏ö‡∏±‡∏ô‡∏ó‡∏∂‡∏Å,98.0%,‡∏Ç‡∏±‡πâ‡∏ô‡∏ï‡∏≠‡∏ô‡∏ó‡∏µ‡πà‡πÄ‡∏ó‡πà‡∏≤‡πÑ‡∏´‡∏£‡πà‡∏´‡∏£‡∏≠‡∏Ñ‡∏∞
30/09/2022:10:43:19,‡πÄ‡∏ã‡∏ü‡∏¢‡∏±‡∏á‡πÑ‡∏á‡∏Ç‡∏±‡πâ‡∏ô3,3-‡∏Å‡∏≤‡∏£‡∏ö‡∏±‡∏ô‡∏ó‡∏∂‡∏Å‡∏Ç‡πâ‡∏≠‡∏°‡∏π‡∏•,99.0%,‡∏ó‡πà‡∏≤‡∏ô‡∏™‡∏≤‡∏°‡∏≤‡∏£‡∏ñ‡∏®‡∏∂‡∏Å‡∏©‡∏≤‡∏à‡∏≤‡∏ÅVDO ‡∏≠‡∏ò‡∏¥‡∏ö‡∏≤‡∏¢‡∏Å‡∏≤‡∏£‡∏ö‡∏±‡∏ô‡∏ó‡∏∂‡∏Å‡∏Ç‡πâ‡∏≠‡∏°‡∏π‡∏• ‡∏Ç‡∏±‡πâ‡∏ô‡∏ó‡∏µ‡πà 4 ‡∏Å‡∏≤‡∏£‡∏ï‡∏¥‡∏î‡∏ï‡∏≤‡∏°‡∏ï‡∏£‡∏ß‡∏à‡∏™‡∏≠‡∏ö‡∏Ñ‡∏∏‡∏ì‡∏†‡∏≤‡∏û‡∏Å‡∏≤‡∏£‡∏à‡∏±‡∏î‡∏Å‡∏≤‡∏£‡∏®‡∏∂‡∏Å‡∏©‡∏≤üëâ https: //youtu.be/A1VT1rJxKMU
30/09/2022:10:46:34,‡πÑ‡∏°‡πà‡∏°‡∏µ‡∏Ç‡πâ‡∏≠‡∏°‡∏π‡∏•‡∏ó‡∏≥‡πÑ‡∏á,‡πÑ‡∏°‡πà‡∏°‡∏µ‡∏Ç‡πâ‡∏≠‡∏°‡∏π‡∏•,97.0%,‡∏Ç‡∏±‡πâ‡∏ô‡∏ï‡∏≠‡∏ô‡∏ó‡∏µ‡πà‡πÄ‡∏ó‡πà‡∏≤‡πÑ‡∏´‡∏£‡πà‡∏´‡∏£‡∏≠‡∏Ñ‡∏∞
30/09/2022:10:46:38,‡πÑ‡∏°‡πà‡∏°‡∏µ‡∏Ç‡πâ‡∏≠‡∏°‡∏π‡∏•‡∏ó‡∏≥‡πÑ‡∏á‡∏Ç‡∏±‡πâ‡∏ô5-2,‡πÑ‡∏°‡πà‡∏°‡∏µ‡∏Ç‡πâ‡∏≠‡∏°‡∏π‡∏•,72.0%,‡πÑ‡∏°‡πà‡∏°‡∏µ‡∏Ç‡πâ‡∏≠‡∏°‡∏π‡∏•
30/09/2022:10:46:46,‡πÑ‡∏°‡πà‡∏°‡∏µ‡∏Ç‡πâ‡∏≠‡∏°‡∏π‡∏•‡∏ó‡∏≥‡πÑ‡∏á,‡πÑ‡∏°‡πà‡∏°‡∏µ‡∏Ç‡πâ‡∏≠‡∏°‡∏π‡∏•,97.0%,‡∏Ç‡∏±‡πâ‡∏ô‡∏ï‡∏≠‡∏ô‡∏ó‡∏µ‡πà‡πÄ‡∏ó‡πà‡∏≤‡πÑ‡∏´‡∏£‡πà‡∏´‡∏£‡∏≠‡∏Ñ‡∏∞
30/09/2022:10:46:49,‡πÑ‡∏°‡πà‡∏°‡∏µ‡∏Ç‡πâ‡∏≠‡∏°‡∏π‡∏•‡∏ó‡∏≥‡πÑ‡∏á‡∏Ç‡∏±‡πâ‡∏ô5.2,2.1-‡πÅ‡∏ú‡∏ô‡∏û‡∏±‡∏í‡∏ô‡∏≤‡∏Ø‡πÑ‡∏°‡πà‡∏°‡∏µ‡∏Ç‡πâ‡∏≠‡∏°‡∏π‡∏•,84.0%,‡πÄ‡∏ö‡∏∑‡πâ‡∏≠‡∏á‡∏ï‡πâ‡∏ô‡πÉ‡∏´‡πâ‡∏ï‡∏£‡∏ß‡∏à‡∏™‡∏≠‡∏ö‡∏ß‡πà‡∏≤‡∏õ‡∏µ‡∏ô‡∏µ‡πâ‡πÄ‡∏õ‡πá‡∏ô‡∏õ‡∏µ‡∏ó‡∏µ‡πà‡πÇ‡∏£‡∏á‡πÄ‡∏£‡∏µ‡∏¢‡∏ô‡∏à‡∏±‡∏î‡∏ó‡∏≥‡πÅ‡∏ú‡∏ô‡∏û‡∏±‡∏í‡∏ô‡∏≤‡∏Å‡∏≤‡∏£‡∏à‡∏±‡∏î‡∏Å‡∏≤‡∏£‡∏®‡∏∂‡∏Å‡∏©‡∏≤‡∏â‡∏ö‡∏±‡∏ö‡πÉ‡∏´‡∏°‡πà‡∏´‡∏£‡∏∑‡∏≠‡πÑ‡∏°‡πà ‡∏ã‡∏∂‡πà‡∏á‡∏´‡∏≤‡∏Å‡πÄ‡∏õ‡πá‡∏ô‡∏õ‡∏µ‡∏ó‡∏µ‡πà‡πÇ‡∏£‡∏á‡πÄ‡∏£‡∏µ‡∏¢‡∏ô‡∏ó‡∏≥‡πÅ‡∏ú‡∏ô‡∏û‡∏±‡∏í‡∏ô‡∏≤‡∏â‡∏ö‡∏±‡∏ö‡πÉ‡∏´‡∏°‡πà‡∏£‡∏∞‡∏ö‡∏ö‡∏à‡∏∞‡πÑ‡∏°‡πà‡∏î‡∏∂‡∏á‡∏Ç‡πâ‡∏≠‡∏°‡∏π‡∏•‡∏õ‡∏µ‡∏ó‡∏µ‡πà‡∏ú‡πà‡∏≤‡∏ô‡∏°‡∏≤‡πÄ‡∏û‡∏∑‡πà‡∏≠‡πÉ‡∏´‡πâ‡πÇ‡∏£‡∏á‡πÄ‡∏£‡∏µ‡∏¢‡∏ô‡∏ö‡∏±‡∏ô‡∏ó‡∏∂‡∏Å‡∏Ç‡πâ‡∏≠‡∏°‡∏π‡∏•‡πÉ‡∏´‡∏°‡πà‡πÑ‡∏î‡πâ‡∏™‡∏∞‡∏î‡∏ß‡∏Å ‡πÅ‡∏ï‡πà‡∏´‡∏≤‡∏Å‡∏õ‡∏µ‡∏ô‡∏µ‡πâ‡πÑ‡∏°‡πà‡πÉ‡∏ä‡πà‡∏õ‡∏µ‡∏ó‡∏µ‡πà‡πÇ‡∏£‡∏á‡πÄ‡∏£‡∏µ‡∏¢‡∏ô‡∏à‡∏±‡∏î‡∏ó‡∏≥‡πÅ‡∏ú‡∏ô‡∏û‡∏±‡∏í‡∏ô‡∏≤‡∏â‡∏ö‡∏±‡∏ö‡πÉ‡∏´‡∏°‡πà ‡πÅ‡∏•‡∏∞‡∏£‡∏∞‡∏ö‡∏ö‡πÑ‡∏°‡πà‡∏î‡∏∂‡∏á‡∏Ç‡πâ‡∏≠‡∏°‡∏π‡∏•‡∏õ‡∏µ‡∏ó‡∏µ‡πà‡∏ú‡πà‡∏≤‡∏ô‡∏°‡∏≤ ‡πÄ‡∏ö‡∏∑‡πâ‡∏≠‡∏á‡∏ï‡πâ‡∏ô‡πÉ‡∏´‡πâ‡πÇ‡∏£‡∏á‡πÄ‡∏£‡∏µ‡∏¢‡∏ô‡∏ï‡∏£‡∏ß‡∏à‡∏™‡∏≠‡∏ö‡∏ß‡πà‡∏≤‡∏õ‡∏µ‡∏ó‡∏µ‡πà‡∏ú‡πà‡∏≤‡∏ô‡πÉ‡∏™‡πà‡∏£‡∏∞‡∏¢‡∏∞‡πÄ‡∏ß‡∏•‡∏≤‡∏Ç‡∏≠‡∏á‡πÅ‡∏ú‡∏ô‡∏û‡∏±‡∏í‡∏ô‡∏≤‡∏ñ‡∏π‡∏Å‡∏ï‡πâ‡∏≠‡∏á‡∏´‡∏£‡∏∑‡∏≠‡πÑ‡∏°‡πà ‡∏´‡∏≤‡∏Å‡∏ï‡∏£‡∏ß‡∏à‡∏™‡∏≠‡∏ö‡∏ß‡πà‡∏≤‡∏õ‡∏µ‡∏ó‡∏µ‡πà‡∏ú‡πà‡∏≤‡∏ô‡∏°‡∏µ‡∏Å‡∏≤‡∏£‡πÉ‡∏™‡πà‡∏õ‡∏µ‡∏û.‡∏®.‡∏ï‡∏£‡∏á‡∏£‡∏∞‡∏¢‡∏∞‡πÄ‡∏ß‡∏•‡∏≤ ‡∏ú‡∏¥‡∏î ‡πÇ‡∏õ‡∏£‡∏î‡πÅ‡∏à‡πâ‡∏á‡∏ä‡∏∑‡πà‡∏≠‡πÇ‡∏£‡∏á‡πÄ‡∏£‡∏µ‡∏¢‡∏ô ‡πÄ‡∏Ç‡∏ï ‡πÅ‡∏•‡∏∞‡∏£‡∏∞‡∏î‡∏±‡∏ö‡∏Å‡∏≤‡∏£‡∏®‡∏∂‡∏Å‡∏©‡∏≤ ‡πÅ‡∏•‡∏∞‡∏£‡∏∞‡∏¢‡∏∞‡πÄ‡∏ß‡∏•‡∏≤ ‡∏û.‡∏®. - ‡∏û.‡∏®. ‡πÄ‡∏û‡∏∑‡πà‡∏≠‡πÉ‡∏´‡πâ‡πÄ‡∏à‡πâ‡∏≤‡∏´‡∏ô‡πâ‡∏≤‡∏ó‡∏µ‡πà‡πÅ‡∏Å‡πâ‡πÑ‡∏Ç ‡∏´‡∏£‡∏∑‡∏≠‡∏ï‡∏¥‡∏î‡∏ï‡πà‡∏≠ 02-4376631-5 ‡∏ï‡πà‡∏≠ 3477
07/10/2022:13:17:45,‡∏™‡∏ß‡∏±‡∏™‡∏î‡∏µ‡∏Ñ‡∏£‡∏±‡∏ö,‡∏ó‡∏±‡∏Å‡∏ó‡∏≤‡∏¢,98.0%,‡∏™‡∏ß‡∏±‡∏™‡∏î‡∏µ‡∏Ñ‡πà‡∏≤ ‡∏ï‡πâ‡∏≠‡∏á‡∏Å‡∏≤‡∏£‡∏™‡∏≠‡∏ö‡∏ñ‡∏≤‡∏°‡πÄ‡∏£‡∏∑‡πà‡∏≠‡∏á‡∏≠‡∏∞‡πÑ‡∏£‡∏´‡∏£‡∏≠‡∏Ñ‡∏∞
07/10/2022:13:22:48,‡∏™‡∏ß‡∏±‡∏™‡∏î‡∏µ‡∏Ñ‡πà‡∏∞,‡∏ó‡∏±‡∏Å‡∏ó‡∏≤‡∏¢,98.0%,‡∏™‡∏ß‡∏±‡∏™‡∏î‡∏µ‡∏Ñ‡πà‡∏∞ ‡∏ï‡πâ‡∏≠‡∏á‡∏Å‡∏≤‡∏£‡∏™‡∏≠‡∏ö‡∏ñ‡∏≤‡∏°‡πÄ‡∏£‡∏∑‡πà‡∏≠‡∏á‡∏≠‡∏∞‡πÑ‡∏£‡∏Ñ‡∏∞
07/10/2022:13:23:00,‡∏Å‡∏≤‡∏£‡∏Å‡∏≥‡∏´‡∏ô‡∏î‡∏°‡∏≤‡∏ï‡∏£‡∏ê‡∏≤‡∏ô‡πÉ‡∏ô‡∏Ç‡∏±‡πâ‡∏ô‡∏ï‡∏≠‡∏ô‡∏ó‡∏µ‡πà 1 ‡∏Ñ‡∏£‡∏±‡∏ö,False,27.0%,‡πÑ‡∏°‡πà‡πÄ‡∏Ç‡πâ‡∏≤‡πÉ‡∏à‡∏Ñ‡∏≥‡∏ñ‡∏≤‡∏°‡∏Ñ‡πà‡∏∞ ‡∏Å‡∏£‡∏∏‡∏ì‡∏≤‡∏ñ‡∏≤‡∏°‡πÉ‡∏´‡∏°‡πà‡∏≠‡∏µ‡∏Å‡∏ó‡∏µ‡∏´‡∏£‡∏∑‡∏≠‡∏ï‡∏¥‡∏î‡∏ï‡πà‡∏≠‡πÄ‡∏à‡πâ‡∏≤‡∏´‡∏ô‡πâ‡∏≤‡∏ó‡∏µ‡πà‡∏ô‡∏∞‡∏Ñ‡∏∞
07/10/2022:13:23:27,‡∏Å‡∏≥‡∏´‡∏ô‡∏î‡∏°‡∏≤‡∏ï‡∏£‡∏ê‡∏≤‡∏ô‡∏Ç‡∏±‡πâ‡∏ô‡∏ï‡∏≠‡∏ô‡∏ó‡∏µ‡πà 1 ‡∏¢‡∏±‡∏á‡πÑ‡∏á‡∏´‡∏£‡∏≠‡∏Ñ‡∏£‡∏±‡∏ö,1-‡∏Å‡∏≥‡∏´‡∏ô‡∏î‡∏°‡∏≤‡∏ï‡∏£‡∏ê‡∏≤‡∏ô,84.0%,‡∏ß‡∏¥‡∏ò‡∏µ‡∏Å‡∏≤‡∏£‡πÉ‡∏™‡πà‡∏Ç‡πâ‡∏≠‡∏°‡∏π‡∏•‡∏Ç‡∏±‡πâ‡∏ô‡∏ó‡∏µ‡πà 1 ‡∏Å‡∏≥‡∏´‡∏ô‡∏î‡∏°‡∏≤‡∏ï‡∏£‡∏ê‡∏≤‡∏ô‡∏Ø ‡∏´‡∏≤‡∏Å‡πÄ‡∏Ç‡πâ‡∏≤‡∏°‡∏≤‡∏Ñ‡∏£‡∏±‡πâ‡∏á‡πÅ‡∏£‡∏Å‡πÉ‡∏´‡πâ‡∏Ñ‡∏•‡∏¥‡∏Å‡∏õ‡∏∏‡πà‡∏°‡πÄ‡∏û‡∏¥‡πà‡∏°‡∏°‡∏≤‡∏ï‡∏£‡∏ê‡∏≤‡∏ô ‡∏°‡∏∏‡∏°‡∏ö‡∏ô‡∏Ç‡∏ß‡∏≤‡∏°‡∏∑‡∏≠ ‡∏™‡∏≤‡∏°‡∏≤‡∏£‡∏ñ‡∏î‡∏π‡∏ß‡∏¥‡∏ò‡∏µ‡∏Å‡∏≤‡∏£‡πÅ‡∏ö‡∏ö VDO ‡πÑ‡∏î‡πâ‡∏ú‡πà‡∏≤‡∏ôlink ‡∏ô‡∏µ‡πâ üëâhttps://youtu.be/1Ii49Vr8ssA
07/10/2022:13:26:49,‡∏Å‡∏≥‡∏´‡∏ô‡∏î‡∏°‡∏≤‡∏ï‡∏£‡∏ê‡∏≤‡∏ô,1-‡∏Å‡∏≥‡∏´‡∏ô‡∏î‡∏°‡∏≤‡∏ï‡∏£‡∏ê‡∏≤‡∏ô,99.0%,‡∏ß‡∏¥‡∏ò‡∏µ‡∏Å‡∏≤‡∏£‡πÉ‡∏™‡πà‡∏Ç‡πâ‡∏≠‡∏°‡∏π‡∏•‡∏Ç‡∏±‡πâ‡∏ô‡∏ó‡∏µ‡πà 1 ‡∏Å‡∏≥‡∏´‡∏ô‡∏î‡∏°‡∏≤‡∏ï‡∏£‡∏ê‡∏≤‡∏ô‡∏Ø ‡∏´‡∏≤‡∏Å‡πÄ‡∏Ç‡πâ‡∏≤‡∏°‡∏≤‡∏Ñ‡∏£‡∏±‡πâ‡∏á‡πÅ‡∏£‡∏Å‡πÉ‡∏´‡πâ‡∏Ñ‡∏•‡∏¥‡∏Å‡∏õ‡∏∏‡πà‡∏°‡πÄ‡∏û‡∏¥‡πà‡∏°‡∏°‡∏≤‡∏ï‡∏£‡∏ê‡∏≤‡∏ô ‡∏°‡∏∏‡∏°‡∏ö‡∏ô‡∏Ç‡∏ß‡∏≤‡∏°‡∏∑‡∏≠ ‡∏™‡∏≤‡∏°‡∏≤‡∏£‡∏ñ‡∏î‡∏π‡∏ß‡∏¥‡∏ò‡∏µ‡∏Å‡∏≤‡∏£‡πÅ‡∏ö‡∏ö VDO ‡πÑ‡∏î‡πâ‡∏ú‡πà‡∏≤‡∏ôlink ‡∏ô‡∏µ‡πâ üëâhttps://youtu.be/1Ii49Vr8ssA
07/10/2022:13:26:57,‡∏Ç‡∏±‡πâ‡∏ô‡πÅ‡∏£‡∏Å‡∏Å‡∏≥‡∏´‡∏ô‡∏î‡∏°‡∏≤‡∏ï‡∏£‡∏ê‡∏≤‡∏ô‡∏≠‡∏¢‡πà‡∏≤‡∏á‡πÑ‡∏£,1-‡∏Å‡∏≥‡∏´‡∏ô‡∏î‡∏°‡∏≤‡∏ï‡∏£‡∏ê‡∏≤‡∏ô,99.0%,‡∏ß‡∏¥‡∏ò‡∏µ‡∏Å‡∏≤‡∏£‡πÉ‡∏™‡πà‡∏Ç‡πâ‡∏≠‡∏°‡∏π‡∏•‡∏Ç‡∏±‡πâ‡∏ô‡∏ó‡∏µ‡πà 1 ‡∏Å‡∏≥‡∏´‡∏ô‡∏î‡∏°‡∏≤‡∏ï‡∏£‡∏ê‡∏≤‡∏ô‡∏Ø ‡∏´‡∏≤‡∏Å‡πÄ‡∏Ç‡πâ‡∏≤‡∏°‡∏≤‡∏Ñ‡∏£‡∏±‡πâ‡∏á‡πÅ‡∏£‡∏Å‡πÉ‡∏´‡πâ‡∏Ñ‡∏•‡∏¥‡∏Å‡∏õ‡∏∏‡πà‡∏°‡πÄ‡∏û‡∏¥‡πà‡∏°‡∏°‡∏≤‡∏ï‡∏£‡∏ê‡∏≤‡∏ô ‡∏°‡∏∏‡∏°‡∏ö‡∏ô‡∏Ç‡∏ß‡∏≤‡∏°‡∏∑‡∏≠ ‡∏™‡∏≤‡∏°‡∏≤‡∏£‡∏ñ‡∏î‡∏π‡∏ß‡∏¥‡∏ò‡∏µ‡∏Å‡∏≤‡∏£‡πÅ‡∏ö‡∏ö VDO ‡πÑ‡∏î‡πâ‡∏ú‡πà‡∏≤‡∏ôlink ‡∏ô‡∏µ‡πâ üëâhttps://youtu.be/1Ii49Vr8ssA
07/10/2022:13:27:02,‡πÄ‡∏£‡∏¥‡πà‡∏°‡∏ó‡∏≥‡∏¢‡∏±‡∏á‡πÑ‡∏á ‡∏Ç‡∏±‡πâ‡∏ô1,1-‡∏Å‡∏≥‡∏´‡∏ô‡∏î‡∏°‡∏≤‡∏ï‡∏£‡∏ê‡∏≤‡∏ô,99.0%,‡∏ß‡∏¥‡∏ò‡∏µ‡∏Å‡∏≤‡∏£‡πÉ‡∏™‡πà‡∏Ç‡πâ‡∏≠‡∏°‡∏π‡∏•‡∏Ç‡∏±‡πâ‡∏ô‡∏ó‡∏µ‡πà 1 ‡∏Å‡∏≥‡∏´‡∏ô‡∏î‡∏°‡∏≤‡∏ï‡∏£‡∏ê‡∏≤‡∏ô‡∏Ø ‡∏´‡∏≤‡∏Å‡πÄ‡∏Ç‡πâ‡∏≤‡∏°‡∏≤‡∏Ñ‡∏£‡∏±‡πâ‡∏á‡πÅ‡∏£‡∏Å‡πÉ‡∏´‡πâ‡∏Ñ‡∏•‡∏¥‡∏Å‡∏õ‡∏∏‡πà‡∏°‡πÄ‡∏û‡∏¥‡πà‡∏°‡∏°‡∏≤‡∏ï‡∏£‡∏ê‡∏≤‡∏ô ‡∏°‡∏∏‡∏°‡∏ö‡∏ô‡∏Ç‡∏ß‡∏≤‡∏°‡∏∑‡∏≠ ‡∏™‡∏≤‡∏°‡∏≤‡∏£‡∏ñ‡∏î‡∏π‡∏ß‡∏¥‡∏ò‡∏µ‡∏Å‡∏≤‡∏£‡πÅ‡∏ö‡∏ö VDO ‡πÑ‡∏î‡πâ‡∏ú‡πà‡∏≤‡∏ôlink ‡∏ô‡∏µ‡πâ üëâhttps://youtu.be/1Ii49Vr8ssA
07/10/2022:13:27:07,‡∏ß‡∏¥‡∏ò‡∏µ‡∏Å‡∏≤‡∏£‡∏Å‡∏≥‡∏´‡∏ô‡∏î‡∏°‡∏≤‡∏ï‡∏£‡∏ê‡∏≤‡∏ô‡∏ï‡πâ‡∏≠‡∏á‡∏ó‡∏≥‡πÄ‡∏ä‡πà‡∏ô‡πÑ‡∏£ ‡∏Ç‡∏±‡πâ‡∏ô‡∏ï‡∏≠‡∏ô‡∏ó‡∏µ‡πà1,1-‡∏Å‡∏≥‡∏´‡∏ô‡∏î‡∏°‡∏≤‡∏ï‡∏£‡∏ê‡∏≤‡∏ô,99.0%,‡∏ß‡∏¥‡∏ò‡∏µ‡∏Å‡∏≤‡∏£‡πÉ‡∏™‡πà‡∏Ç‡πâ‡∏≠‡∏°‡∏π‡∏•‡∏Ç‡∏±‡πâ‡∏ô‡∏ó‡∏µ‡πà 1 ‡∏Å‡∏≥‡∏´‡∏ô‡∏î‡∏°‡∏≤‡∏ï‡∏£‡∏ê‡∏≤‡∏ô‡∏Ø ‡∏´‡∏≤‡∏Å‡πÄ‡∏Ç‡πâ‡∏≤‡∏°‡∏≤‡∏Ñ‡∏£‡∏±‡πâ‡∏á‡πÅ‡∏£‡∏Å‡πÉ‡∏´‡πâ‡∏Ñ‡∏•‡∏¥‡∏Å‡∏õ‡∏∏‡πà‡∏°‡πÄ‡∏û‡∏¥‡πà‡∏°‡∏°‡∏≤‡∏ï‡∏£‡∏ê‡∏≤‡∏ô ‡∏°‡∏∏‡∏°‡∏ö‡∏ô‡∏Ç‡∏ß‡∏≤‡∏°‡∏∑‡∏≠ ‡∏™‡∏≤‡∏°‡∏≤‡∏£‡∏ñ‡∏î‡∏π‡∏ß‡∏¥‡∏ò‡∏µ‡∏Å‡∏≤‡∏£‡πÅ‡∏ö‡∏ö VDO ‡πÑ‡∏î‡πâ‡∏ú‡πà‡∏≤‡∏ôlink ‡∏ô‡∏µ‡πâ üëâhttps://youtu.be/1Ii49Vr8ssA
07/10/2022:13:27:16,‡∏ß‡∏¥‡∏ò‡∏µ‡∏Å‡∏≤‡∏£‡πÉ‡∏™‡πà‡∏Ç‡πâ‡∏≠‡∏°‡∏π‡∏• ‡∏Ç‡∏±‡πâ‡∏ô‡∏ï‡∏≠‡∏ô‡∏ó‡∏µ‡πà1,1-‡∏Å‡∏≥‡∏´‡∏ô‡∏î‡∏°‡∏≤‡∏ï‡∏£‡∏ê‡∏≤‡∏ô,99.0%,‡∏ß‡∏¥‡∏ò‡∏µ‡∏Å‡∏≤‡∏£‡πÉ‡∏™‡πà‡∏Ç‡πâ‡∏≠‡∏°‡∏π‡∏•‡∏Ç‡∏±‡πâ‡∏ô‡∏ó‡∏µ‡πà 1 ‡∏Å‡∏≥‡∏´‡∏ô‡∏î‡∏°‡∏≤‡∏ï‡∏£‡∏ê‡∏≤‡∏ô‡∏Ø ‡∏´‡∏≤‡∏Å‡πÄ‡∏Ç‡πâ‡∏≤‡∏°‡∏≤‡∏Ñ‡∏£‡∏±‡πâ‡∏á‡πÅ‡∏£‡∏Å‡πÉ‡∏´‡πâ‡∏Ñ‡∏•‡∏¥‡∏Å‡∏õ‡∏∏‡πà‡∏°‡πÄ‡∏û‡∏¥‡πà‡∏°‡∏°‡∏≤‡∏ï‡∏£‡∏ê‡∏≤‡∏ô ‡∏°‡∏∏‡∏°‡∏ö‡∏ô‡∏Ç‡∏ß‡∏≤‡∏°‡∏∑‡∏≠ ‡∏™‡∏≤‡∏°‡∏≤‡∏£‡∏ñ‡∏î‡∏π‡∏ß‡∏¥‡∏ò‡∏µ‡∏Å‡∏≤‡∏£‡πÅ‡∏ö‡∏ö VDO ‡πÑ‡∏î‡πâ‡∏ú‡πà‡∏≤‡∏ôlink ‡∏ô‡∏µ‡πâ üëâhttps://youtu.be/1Ii49Vr8ssA
07/10/2022:13:27:23,‡∏õ‡∏∏‡πà‡∏°‡πÄ‡∏û‡∏¥‡πà‡∏°‡∏°‡∏≤‡∏ï‡∏£‡∏ê‡∏≤‡∏ô‡∏≠‡∏¢‡∏π‡πà‡∏ï‡∏£‡∏á‡πÑ‡∏´‡∏ô ‡∏Ç‡∏±‡πâ‡∏ô1,1-‡πÄ‡∏û‡∏¥‡πà‡∏°‡∏°‡∏≤‡∏ï‡∏£‡∏ê‡∏≤‡∏ô,99.0%,‡∏ß‡∏¥‡∏ò‡∏µ‡∏Å‡∏≤‡∏£‡πÄ‡∏û‡∏¥‡πà‡∏°‡∏°‡∏≤‡∏ï‡∏£‡∏ê‡∏≤‡∏ô‡πÉ‡∏´‡πâ‡∏Ñ‡∏•‡∏¥‡∏Å‡∏õ‡∏∏‡πà‡∏° "‡πÄ‡∏û‡∏¥‡πà‡∏°‡∏°‡∏≤‡∏ï‡∏£‡∏ê‡∏≤‡∏ô" ‡∏°‡∏∏‡∏°‡∏ö‡∏ô‡∏Ç‡∏ß‡∏≤‡∏°‡∏∑‡∏≠ ‡∏™‡∏≤‡∏°‡∏≤‡∏£‡∏ñ‡∏î‡∏π‡∏ß‡∏¥‡∏ò‡∏µ‡∏Å‡∏≤‡∏£‡πÅ‡∏ö‡∏ö VDO ‡πÑ‡∏î‡πâ‡∏ú‡πà‡∏≤‡∏ôlink ‡∏ô‡∏µ‡πâ üëâhttps://youtu.be/1Ii49Vr8ssA
07/10/2022:13:27:26,‡∏Ç‡∏±‡πâ‡∏ô1 ‡πÄ‡∏û‡∏¥‡πà‡∏°‡∏°‡∏≤‡∏ï‡∏£‡∏ê‡∏≤‡∏ô,1-‡πÄ‡∏û‡∏¥‡πà‡∏°‡∏°‡∏≤‡∏ï‡∏£‡∏ê‡∏≤‡∏ô,99.0%,‡∏ß‡∏¥‡∏ò‡∏µ‡∏Å‡∏≤‡∏£‡πÄ‡∏û‡∏¥‡πà‡∏°‡∏°‡∏≤‡∏ï‡∏£‡∏ê‡∏≤‡∏ô‡πÉ‡∏´‡πâ‡∏Ñ‡∏•‡∏¥‡∏Å‡∏õ‡∏∏‡πà‡∏° "‡πÄ‡∏û‡∏¥‡πà‡∏°‡∏°‡∏≤‡∏ï‡∏£‡∏ê‡∏≤‡∏ô" ‡∏°‡∏∏‡∏°‡∏ö‡∏ô‡∏Ç‡∏ß‡∏≤‡∏°‡∏∑‡∏≠ ‡∏™‡∏≤‡∏°‡∏≤‡∏£‡∏ñ‡∏î‡∏π‡∏ß‡∏¥‡∏ò‡∏µ‡∏Å‡∏≤‡∏£‡πÅ‡∏ö‡∏ö VDO ‡πÑ‡∏î‡πâ‡∏ú‡πà‡∏≤‡∏ôlink ‡∏ô‡∏µ‡πâ üëâhttps://youtu.be/1Ii49Vr8ssA
07/10/2022:13:27:32,‡πÄ‡∏û‡∏¥‡πà‡∏°‡∏°‡∏≤‡∏ï‡∏£‡∏ê‡∏≤‡∏ô‡∏Ç‡∏±‡πâ‡∏ô1 ‡∏ó‡∏≥‡∏≠‡∏¢‡πà‡∏≤‡∏á‡πÑ‡∏£,1-‡πÄ‡∏û‡∏¥‡πà‡∏°‡∏°‡∏≤‡∏ï‡∏£‡∏ê‡∏≤‡∏ô,99.0%,‡∏ß‡∏¥‡∏ò‡∏µ‡∏Å‡∏≤‡∏£‡πÄ‡∏û‡∏¥‡πà‡∏°‡∏°‡∏≤‡∏ï‡∏£‡∏ê‡∏≤‡∏ô‡πÉ‡∏´‡πâ‡∏Ñ‡∏•‡∏¥‡∏Å‡∏õ‡∏∏‡πà‡∏° "‡πÄ‡∏û‡∏¥‡πà‡∏°‡∏°‡∏≤‡∏ï‡∏£‡∏ê‡∏≤‡∏ô" ‡∏°‡∏∏‡∏°‡∏ö‡∏ô‡∏Ç‡∏ß‡∏≤‡∏°‡∏∑‡∏≠ ‡∏™‡∏≤‡∏°‡∏≤‡∏£‡∏ñ‡∏î‡∏π‡∏ß‡∏¥‡∏ò‡∏µ‡∏Å‡∏≤‡∏£‡πÅ‡∏ö‡∏ö VDO ‡πÑ‡∏î‡πâ‡∏ú‡πà‡∏≤‡∏ôlink ‡∏ô‡∏µ‡πâ üëâhttps://youtu.be/1Ii49Vr8ssA
07/10/2022:13:27:35,‡∏°‡∏≤‡∏ï‡∏£‡∏ê‡∏≤‡∏ô‡∏Ç‡∏±‡πâ‡∏ô1 ‡∏Ç‡∏∂‡πâ‡∏ô‡πÑ‡∏°‡πà‡∏Ñ‡∏£‡∏ö,1-‡πÄ‡∏û‡∏¥‡πà‡∏°‡∏°‡∏≤‡∏ï‡∏£‡∏ê‡∏≤‡∏ô,99.0%,‡∏ß‡∏¥‡∏ò‡∏µ‡∏Å‡∏≤‡∏£‡πÄ‡∏û‡∏¥‡πà‡∏°‡∏°‡∏≤‡∏ï‡∏£‡∏ê‡∏≤‡∏ô‡πÉ‡∏´‡πâ‡∏Ñ‡∏•‡∏¥‡∏Å‡∏õ‡∏∏‡πà‡∏° "‡πÄ‡∏û‡∏¥‡πà‡∏°‡∏°‡∏≤‡∏ï‡∏£‡∏ê‡∏≤‡∏ô" ‡∏°‡∏∏‡∏°‡∏ö‡∏ô‡∏Ç‡∏ß‡∏≤‡∏°‡∏∑‡∏≠ ‡∏™‡∏≤‡∏°‡∏≤‡∏£‡∏ñ‡∏î‡∏π‡∏ß‡∏¥‡∏ò‡∏µ‡∏Å‡∏≤‡∏£‡πÅ‡∏ö‡∏ö VDO ‡πÑ‡∏î‡πâ‡∏ú‡πà‡∏≤‡∏ôlink ‡∏ô‡∏µ‡πâ üëâhttps://youtu.be/1Ii49Vr8ssA
07/10/2022:13:27:38,‡∏´‡∏≤‡∏õ‡∏∏‡πà‡∏°‡πÄ‡∏û‡∏¥‡πà‡∏°‡∏°‡∏≤‡∏ï‡∏£‡∏ê‡∏≤‡∏ô‡∏Ç‡∏±‡πâ‡∏ô‡πÅ‡∏£‡∏Å‡πÑ‡∏°‡πà‡πÄ‡∏à‡∏≠,1-‡πÄ‡∏û‡∏¥‡πà‡∏°‡∏°‡∏≤‡∏ï‡∏£‡∏ê‡∏≤‡∏ô,99.0%,‡∏ß‡∏¥‡∏ò‡∏µ‡∏Å‡∏≤‡∏£‡πÄ‡∏û‡∏¥‡πà‡∏°‡∏°‡∏≤‡∏ï‡∏£‡∏ê‡∏≤‡∏ô‡πÉ‡∏´‡πâ‡∏Ñ‡∏•‡∏¥‡∏Å‡∏õ‡∏∏‡πà‡∏° "‡πÄ‡∏û‡∏¥‡πà‡∏°‡∏°‡∏≤‡∏ï‡∏£‡∏ê‡∏≤‡∏ô" ‡∏°‡∏∏‡∏°‡∏ö‡∏ô‡∏Ç‡∏ß‡∏≤‡∏°‡∏∑‡∏≠ ‡∏™‡∏≤‡∏°‡∏≤‡∏£‡∏ñ‡∏î‡∏π‡∏ß‡∏¥‡∏ò‡∏µ‡∏Å‡∏≤‡∏£‡πÅ‡∏ö‡∏ö VDO ‡πÑ‡∏î‡πâ‡∏ú‡πà‡∏≤‡∏ôlink ‡∏ô‡∏µ‡πâ üëâhttps://youtu.be/1Ii49Vr8ssA
07/10/2022:13:27:51,‡∏Ñ‡πà‡∏≤‡πÄ‡∏õ‡πâ‡∏≤‡∏´‡∏°‡∏≤‡∏¢‡∏Å‡∏≥‡∏´‡∏ô‡∏î‡∏≠‡∏¢‡πà‡∏≤‡∏á‡πÑ‡∏£,1-‡∏Å‡∏≥‡∏´‡∏ô‡∏î‡∏Ñ‡πà‡∏≤‡πÄ‡∏õ‡πâ‡∏≤‡∏´‡∏°‡∏≤‡∏¢,99.0%,‡∏ï‡∏±‡∏ß‡∏ä‡∏µ‡πâ‡∏ß‡∏±‡∏î‡∏ï‡∏£‡∏á‡∏ô‡∏µ‡πâ‡∏ï‡πâ‡∏≠‡∏á‡∏°‡∏≤‡∏à‡∏≤‡∏Å‡∏Å‡∏≤‡∏£‡∏Å‡∏≥‡∏´‡∏ô‡∏î‡∏£‡πà‡∏ß‡∏°‡∏Å‡∏±‡∏ô‡∏Ç‡∏≠‡∏á‡∏ö‡∏∏‡∏Ñ‡∏•‡∏≤‡∏Å‡∏£‡πÉ‡∏ô‡πÇ‡∏£‡∏á‡πÄ‡∏£‡∏µ‡∏¢‡∏ô ‡∏ß‡πà‡∏≤‡πÉ‡∏ô‡∏Å‡∏≤‡∏£‡∏û‡∏±‡∏í‡∏ô‡∏≤‡∏Ñ‡∏∏‡∏ì‡∏†‡∏≤‡∏û‡∏ï‡∏≤‡∏°‡∏°‡∏≤‡∏ï‡∏£‡∏ê‡∏≤‡∏ô‡∏Å‡∏≤‡∏£‡∏®‡∏∂‡∏Å‡∏©‡∏≤‡πÉ‡∏ô‡πÅ‡∏ï‡πà‡∏°‡∏≤‡∏ï‡∏£‡∏ê‡∏≤‡∏ô ‡πÉ‡∏ô‡πÅ‡∏ï‡πà‡∏•‡∏∞‡∏õ‡∏£‡∏∞‡πÄ‡∏î‡πá‡∏ô ‡πÇ‡∏£‡∏á‡πÄ‡∏£‡∏µ‡∏¢‡∏ô‡∏à‡∏∞‡∏ß‡∏±‡∏î‡∏î‡πâ‡∏ß‡∏¢‡∏≠‡∏∞‡πÑ‡∏£‡πÅ‡∏•‡∏∞‡∏ï‡∏±‡πâ‡∏á‡∏Ñ‡πà‡∏≤‡πÄ‡∏õ‡πâ‡∏≤‡∏´‡∏°‡∏≤‡∏¢‡∏Ñ‡∏ß‡∏≤‡∏°‡∏™‡∏≥‡πÄ‡∏£‡πá‡∏à‡πÑ‡∏ß‡πâ‡πÄ‡∏ó‡πà‡∏≤‡πÑ‡∏´‡∏£‡πà ‡∏Å‡∏≤‡∏£‡∏Å‡∏≥‡∏´‡∏ô‡∏î‡∏ï‡∏±‡∏ß‡∏ä‡∏µ‡πâ‡∏ß‡∏±‡∏î‡∏ï‡∏£‡∏á‡∏ô‡∏µ‡πâ‡∏à‡∏∞‡∏°‡∏µ‡∏Ñ‡∏ß‡∏≤‡∏°‡∏™‡∏±‡∏°‡∏û‡∏±‡∏ô‡∏ò‡πå‡πÅ‡∏•‡∏∞‡πÄ‡∏ä‡∏∑‡πà‡∏≠‡∏°‡πÇ‡∏¢‡∏á‡∏à‡∏ô‡πÄ‡∏™‡∏£‡πá‡∏à‡∏™‡∏¥‡πâ‡∏ô‡∏Å‡∏£‡∏∞‡∏ö‡∏ß‡∏ô‡∏Å‡∏≤‡∏£‡∏õ‡∏£‡∏∞‡∏Å‡∏±‡∏ô‡∏Ñ‡∏∏‡∏ì‡∏†‡∏≤‡∏û ‡πÄ‡∏û‡∏£‡∏≤‡∏∞‡πÄ‡∏°‡∏∑‡πà‡∏≠‡πÇ‡∏£‡∏á‡πÄ‡∏£‡∏µ‡∏¢‡∏ô‡∏Å‡∏≥‡∏´‡∏ô‡∏î‡∏ï‡∏±‡∏ß‡∏ä‡∏µ‡πâ‡∏ß‡∏±‡∏î‡πÅ‡∏•‡πâ‡∏ß ‡∏ï‡∏±‡∏ß‡∏ä‡∏µ‡πâ‡∏ß‡∏±‡∏î‡∏ô‡∏µ‡πâ‡∏à‡∏∞‡πÄ‡∏ä‡∏∑‡πà‡∏≠‡∏°‡πÇ‡∏¢‡∏á‡πÑ‡∏õ‡∏™‡∏π‡πà‡∏Ç‡∏±‡πâ‡∏ô‡∏ó‡∏µ‡πà2 ‡∏Å‡∏≤‡∏£‡∏à‡∏±‡∏î‡∏ó‡∏≥‡πÅ‡∏ú‡∏ô‡∏û‡∏±‡∏í‡∏ô‡∏≤‡∏Ø‡πÅ‡∏•‡∏∞‡πÅ‡∏ú‡∏ô‡∏õ‡∏è‡∏¥‡∏ö‡∏±‡∏ï‡∏¥‡∏Å‡∏≤‡∏£‡∏õ‡∏£‡∏∞‡∏à‡∏≥‡∏õ‡∏µ ‡πÇ‡∏£‡∏á‡πÄ‡∏£‡∏µ‡∏¢‡∏ô‡∏ï‡πâ‡∏≠‡∏á‡∏Å‡∏≥‡∏´‡∏ô‡∏î‡πÇ‡∏Ñ‡∏£‡∏á‡∏Å‡∏≤‡∏£‡∏ó‡∏µ‡πà‡∏™‡∏≠‡∏î‡∏£‡∏±‡∏ö‡∏Å‡∏±‡∏ö‡∏ï‡∏±‡∏ß‡∏ä‡∏µ‡πâ‡∏ß‡∏±‡∏î‡∏ï‡∏£‡∏á‡∏ô‡∏µ‡πâ‡∏î‡πâ‡∏ß‡∏¢ ‡∏ï‡∏±‡∏ß‡∏ä‡∏µ‡πâ‡∏ß‡∏±‡∏î‡∏ó‡∏µ‡πà‡∏Å‡∏≥‡∏´‡∏ô‡∏î‡∏ï‡πâ‡∏≠‡∏á‡∏°‡∏µ‡πÇ‡∏Ñ‡∏£‡∏á‡∏Å‡∏≤‡∏£‡∏£‡∏≠‡∏á‡∏£‡∏±‡∏ö‡∏ó‡∏∏‡∏Å‡∏ï‡∏±‡∏ß‡∏ä‡∏µ‡πâ‡∏ß‡∏±‡∏î ‡πÅ‡∏•‡∏∞‡πÉ‡∏ô‡∏Å‡∏≤‡∏£‡∏Å‡∏≥‡∏´‡∏ô‡∏î‡∏ï‡∏±‡∏ß‡∏ä‡∏µ‡πâ‡∏ß‡∏±‡∏î ‡πÉ‡∏ô1‡∏õ‡∏£‡∏∞‡πÄ‡∏î‡πá‡∏ô‡∏Ç‡∏≠‡∏á‡∏°‡∏≤‡∏ï‡∏£‡∏ê‡∏≤‡∏ô ‡∏™‡∏≤‡∏°‡∏≤‡∏£‡∏ñ‡∏°‡∏µ‡πÑ‡∏î‡πâ‡∏°‡∏≤‡∏Å‡∏Å‡∏ß‡πà‡∏≤ 1 ‡∏ï‡∏±‡∏ß‡∏ä‡∏µ‡πâ‡∏ß‡∏±‡∏î
07/10/2022:13:28:01,‡πÅ‡∏ú‡∏ô‡∏õ‡∏è‡∏¥‡∏ö‡∏±‡∏ï‡∏¥‡∏Å‡∏≤‡∏£‡∏õ‡∏£‡∏∞‡∏à‡∏≥‡∏õ‡∏µ‡∏ï‡πâ‡∏≠‡∏á‡∏Å‡∏≥‡∏´‡∏ô‡∏î‡πÇ‡∏Ñ‡∏£‡∏á‡∏Å‡∏≤‡∏£‡∏ó‡∏µ‡πà‡∏™‡∏≠‡∏î‡∏£‡∏±‡∏ö‡∏Å‡∏±‡∏ö‡∏ï‡∏±‡∏ß‡∏ä‡∏µ‡πâ‡∏ß‡∏±‡∏î‡∏î‡πâ‡∏ß‡∏¢‡πÑ‡∏´‡∏°,1-‡∏Å‡∏≥‡∏´‡∏ô‡∏î‡∏Ñ‡πà‡∏≤‡πÄ‡∏õ‡πâ‡∏≤‡∏´‡∏°‡∏≤‡∏¢,99.0%,‡∏ï‡∏±‡∏ß‡∏ä‡∏µ‡πâ‡∏ß‡∏±‡∏î‡∏ï‡∏£‡∏á‡∏ô‡∏µ‡πâ‡∏ï‡πâ‡∏≠‡∏á‡∏°‡∏≤‡∏à‡∏≤‡∏Å‡∏Å‡∏≤‡∏£‡∏Å‡∏≥‡∏´‡∏ô‡∏î‡∏£‡πà‡∏ß‡∏°‡∏Å‡∏±‡∏ô‡∏Ç‡∏≠‡∏á‡∏ö‡∏∏‡∏Ñ‡∏•‡∏≤‡∏Å‡∏£‡πÉ‡∏ô‡πÇ‡∏£‡∏á‡πÄ‡∏£‡∏µ‡∏¢‡∏ô ‡∏ß‡πà‡∏≤‡πÉ‡∏ô‡∏Å‡∏≤‡∏£‡∏û‡∏±‡∏í‡∏ô‡∏≤‡∏Ñ‡∏∏‡∏ì‡∏†‡∏≤‡∏û‡∏ï‡∏≤‡∏°‡∏°‡∏≤‡∏ï‡∏£‡∏ê‡∏≤‡∏ô‡∏Å‡∏≤‡∏£‡∏®‡∏∂‡∏Å‡∏©‡∏≤‡πÉ‡∏ô‡πÅ‡∏ï‡πà‡∏°‡∏≤‡∏ï‡∏£‡∏ê‡∏≤‡∏ô ‡πÉ‡∏ô‡πÅ‡∏ï‡πà‡∏•‡∏∞‡∏õ‡∏£‡∏∞‡πÄ‡∏î‡πá‡∏ô ‡πÇ‡∏£‡∏á‡πÄ‡∏£‡∏µ‡∏¢‡∏ô‡∏à‡∏∞‡∏ß‡∏±‡∏î‡∏î‡πâ‡∏ß‡∏¢‡∏≠‡∏∞‡πÑ‡∏£‡πÅ‡∏•‡∏∞‡∏ï‡∏±‡πâ‡∏á‡∏Ñ‡πà‡∏≤‡πÄ‡∏õ‡πâ‡∏≤‡∏´‡∏°‡∏≤‡∏¢‡∏Ñ‡∏ß‡∏≤‡∏°‡∏™‡∏≥‡πÄ‡∏£‡πá‡∏à‡πÑ‡∏ß‡πâ‡πÄ‡∏ó‡πà‡∏≤‡πÑ‡∏´‡∏£‡πà ‡∏Å‡∏≤‡∏£‡∏Å‡∏≥‡∏´‡∏ô‡∏î‡∏ï‡∏±‡∏ß‡∏ä‡∏µ‡πâ‡∏ß‡∏±‡∏î‡∏ï‡∏£‡∏á‡∏ô‡∏µ‡πâ‡∏à‡∏∞‡∏°‡∏µ‡∏Ñ‡∏ß‡∏≤‡∏°‡∏™‡∏±‡∏°‡∏û‡∏±‡∏ô‡∏ò‡πå‡πÅ‡∏•‡∏∞‡πÄ‡∏ä‡∏∑‡πà‡∏≠‡∏°‡πÇ‡∏¢‡∏á‡∏à‡∏ô‡πÄ‡∏™‡∏£‡πá‡∏à‡∏™‡∏¥‡πâ‡∏ô‡∏Å‡∏£‡∏∞‡∏ö‡∏ß‡∏ô‡∏Å‡∏≤‡∏£‡∏õ‡∏£‡∏∞‡∏Å‡∏±‡∏ô‡∏Ñ‡∏∏‡∏ì‡∏†‡∏≤‡∏û ‡πÄ‡∏û‡∏£‡∏≤‡∏∞‡πÄ‡∏°‡∏∑‡πà‡∏≠‡πÇ‡∏£‡∏á‡πÄ‡∏£‡∏µ‡∏¢‡∏ô‡∏Å‡∏≥‡∏´‡∏ô‡∏î‡∏ï‡∏±‡∏ß‡∏ä‡∏µ‡πâ‡∏ß‡∏±‡∏î‡πÅ‡∏•‡πâ‡∏ß ‡∏ï‡∏±‡∏ß‡∏ä‡∏µ‡πâ‡∏ß‡∏±‡∏î‡∏ô‡∏µ‡πâ‡∏à‡∏∞‡πÄ‡∏ä‡∏∑‡πà‡∏≠‡∏°‡πÇ‡∏¢‡∏á‡πÑ‡∏õ‡∏™‡∏π‡πà‡∏Ç‡∏±‡πâ‡∏ô‡∏ó‡∏µ‡πà2 ‡∏Å‡∏≤‡∏£‡∏à‡∏±‡∏î‡∏ó‡∏≥‡πÅ‡∏ú‡∏ô‡∏û‡∏±‡∏í‡∏ô‡∏≤‡∏Ø‡πÅ‡∏•‡∏∞‡πÅ‡∏ú‡∏ô‡∏õ‡∏è‡∏¥‡∏ö‡∏±‡∏ï‡∏¥‡∏Å‡∏≤‡∏£‡∏õ‡∏£‡∏∞‡∏à‡∏≥‡∏õ‡∏µ ‡πÇ‡∏£‡∏á‡πÄ‡∏£‡∏µ‡∏¢‡∏ô‡∏ï‡πâ‡∏≠‡∏á‡∏Å‡∏≥‡∏´‡∏ô‡∏î‡πÇ‡∏Ñ‡∏£‡∏á‡∏Å‡∏≤‡∏£‡∏ó‡∏µ‡πà‡∏™‡∏≠‡∏î‡∏£‡∏±‡∏ö‡∏Å‡∏±‡∏ö‡∏ï‡∏±‡∏ß‡∏ä‡∏µ‡πâ‡∏ß‡∏±‡∏î‡∏ï‡∏£‡∏á‡∏ô‡∏µ‡πâ‡∏î‡πâ‡∏ß‡∏¢ ‡∏ï‡∏±‡∏ß‡∏ä‡∏µ‡πâ‡∏ß‡∏±‡∏î‡∏ó‡∏µ‡πà‡∏Å‡∏≥‡∏´‡∏ô‡∏î‡∏ï‡πâ‡∏≠‡∏á‡∏°‡∏µ‡πÇ‡∏Ñ‡∏£‡∏á‡∏Å‡∏≤‡∏£‡∏£‡∏≠‡∏á‡∏£‡∏±‡∏ö‡∏ó‡∏∏‡∏Å‡∏ï‡∏±‡∏ß‡∏ä‡∏µ‡πâ‡∏ß‡∏±‡∏î ‡πÅ‡∏•‡∏∞‡πÉ‡∏ô‡∏Å‡∏≤‡∏£‡∏Å‡∏≥‡∏´‡∏ô‡∏î‡∏ï‡∏±‡∏ß‡∏ä‡∏µ‡πâ‡∏ß‡∏±‡∏î ‡πÉ‡∏ô1‡∏õ‡∏£‡∏∞‡πÄ‡∏î‡πá‡∏ô‡∏Ç‡∏≠‡∏á‡∏°‡∏≤‡∏ï‡∏£‡∏ê‡∏≤‡∏ô ‡∏™‡∏≤‡∏°‡∏≤‡∏£‡∏ñ‡∏°‡∏µ‡πÑ‡∏î‡πâ‡∏°‡∏≤‡∏Å‡∏Å‡∏ß‡πà‡∏≤ 1 ‡∏ï‡∏±‡∏ß‡∏ä‡∏µ‡πâ‡∏ß‡∏±‡∏î
07/10/2022:13:28:24,‡∏Ñ‡πà‡∏≤‡πÄ‡∏õ‡πâ‡∏≤‡∏´‡∏°‡∏≤‡∏¢‡∏Ç‡∏≠‡∏á‡∏ï‡∏±‡∏ß‡∏ä‡∏µ‡πâ‡∏ß‡∏±‡∏î‡∏°‡∏µ‡πÑ‡∏î‡πâ‡∏Å‡∏µ‡πà‡∏≠‡∏±‡∏ô,1-‡∏Å‡∏≥‡∏´‡∏ô‡∏î‡∏Ñ‡πà‡∏≤‡πÄ‡∏õ‡πâ‡∏≤‡∏´‡∏°‡∏≤‡∏¢,99.0%,‡∏ï‡∏±‡∏ß‡∏ä‡∏µ‡πâ‡∏ß‡∏±‡∏î‡∏ï‡∏£‡∏á‡∏ô‡∏µ‡πâ‡∏ï‡πâ‡∏≠‡∏á‡∏°‡∏≤‡∏à‡∏≤‡∏Å‡∏Å‡∏≤‡∏£‡∏Å‡∏≥‡∏´‡∏ô‡∏î‡∏£‡πà‡∏ß‡∏°‡∏Å‡∏±‡∏ô‡∏Ç‡∏≠‡∏á‡∏ö‡∏∏‡∏Ñ‡∏•‡∏≤‡∏Å‡∏£‡πÉ‡∏ô‡πÇ‡∏£‡∏á‡πÄ‡∏£‡∏µ‡∏¢‡∏ô ‡∏ß‡πà‡∏≤‡πÉ‡∏ô‡∏Å‡∏≤‡∏£‡∏û‡∏±‡∏í‡∏ô‡∏≤‡∏Ñ‡∏∏‡∏ì‡∏†‡∏≤‡∏û‡∏ï‡∏≤‡∏°‡∏°‡∏≤‡∏ï‡∏£‡∏ê‡∏≤‡∏ô‡∏Å‡∏≤‡∏£‡∏®‡∏∂‡∏Å‡∏©‡∏≤‡πÉ‡∏ô‡πÅ‡∏ï‡πà‡∏°‡∏≤‡∏ï‡∏£‡∏ê‡∏≤‡∏ô ‡πÉ‡∏ô‡πÅ‡∏ï‡πà‡∏•‡∏∞‡∏õ‡∏£‡∏∞‡πÄ‡∏î‡πá‡∏ô ‡πÇ‡∏£‡∏á‡πÄ‡∏£‡∏µ‡∏¢‡∏ô‡∏à‡∏∞‡∏ß‡∏±‡∏î‡∏î‡πâ‡∏ß‡∏¢‡∏≠‡∏∞‡πÑ‡∏£‡πÅ‡∏•‡∏∞‡∏ï‡∏±‡πâ‡∏á‡∏Ñ‡πà‡∏≤‡πÄ‡∏õ‡πâ‡∏≤‡∏´‡∏°‡∏≤‡∏¢‡∏Ñ‡∏ß‡∏≤‡∏°‡∏™‡∏≥‡πÄ‡∏£‡πá‡∏à‡πÑ‡∏ß‡πâ‡πÄ‡∏ó‡πà‡∏≤‡πÑ‡∏´‡∏£‡πà ‡∏Å‡∏≤‡∏£‡∏Å‡∏≥‡∏´‡∏ô‡∏î‡∏ï‡∏±‡∏ß‡∏ä‡∏µ‡πâ‡∏ß‡∏±‡∏î‡∏ï‡∏£‡∏á‡∏ô‡∏µ‡πâ‡∏à‡∏∞‡∏°‡∏µ‡∏Ñ‡∏ß‡∏≤‡∏°‡∏™‡∏±‡∏°‡∏û‡∏±‡∏ô‡∏ò‡πå‡πÅ‡∏•‡∏∞‡πÄ‡∏ä‡∏∑‡πà‡∏≠‡∏°‡πÇ‡∏¢‡∏á‡∏à‡∏ô‡πÄ‡∏™‡∏£‡πá‡∏à‡∏™‡∏¥‡πâ‡∏ô‡∏Å‡∏£‡∏∞‡∏ö‡∏ß‡∏ô‡∏Å‡∏≤‡∏£‡∏õ‡∏£‡∏∞‡∏Å‡∏±‡∏ô‡∏Ñ‡∏∏‡∏ì‡∏†‡∏≤‡∏û ‡πÄ‡∏û‡∏£‡∏≤‡∏∞‡πÄ‡∏°‡∏∑‡πà‡∏≠‡πÇ‡∏£‡∏á‡πÄ‡∏£‡∏µ‡∏¢‡∏ô‡∏Å‡∏≥‡∏´‡∏ô‡∏î‡∏ï‡∏±‡∏ß‡∏ä‡∏µ‡πâ‡∏ß‡∏±‡∏î‡πÅ‡∏•‡πâ‡∏ß ‡∏ï‡∏±‡∏ß‡∏ä‡∏µ‡πâ‡∏ß‡∏±‡∏î‡∏ô‡∏µ‡πâ‡∏à‡∏∞‡πÄ‡∏ä‡∏∑‡πà‡∏≠‡∏°‡πÇ‡∏¢‡∏á‡πÑ‡∏õ‡∏™‡∏π‡πà‡∏Ç‡∏±‡πâ‡∏ô‡∏ó‡∏µ‡πà2 ‡∏Å‡∏≤‡∏£‡∏à‡∏±‡∏î‡∏ó‡∏≥‡πÅ‡∏ú‡∏ô‡∏û‡∏±‡∏í‡∏ô‡∏≤‡∏Ø‡πÅ‡∏•‡∏∞‡πÅ‡∏ú‡∏ô‡∏õ‡∏è‡∏¥‡∏ö‡∏±‡∏ï‡∏¥‡∏Å‡∏≤‡∏£‡∏õ‡∏£‡∏∞‡∏à‡∏≥‡∏õ‡∏µ ‡πÇ‡∏£‡∏á‡πÄ‡∏£‡∏µ‡∏¢‡∏ô‡∏ï‡πâ‡∏≠‡∏á‡∏Å‡∏≥‡∏´‡∏ô‡∏î‡πÇ‡∏Ñ‡∏£‡∏á‡∏Å‡∏≤‡∏£‡∏ó‡∏µ‡πà‡∏™‡∏≠‡∏î‡∏£‡∏±‡∏ö‡∏Å‡∏±‡∏ö‡∏ï‡∏±‡∏ß‡∏ä‡∏µ‡πâ‡∏ß‡∏±‡∏î‡∏ï‡∏£‡∏á‡∏ô‡∏µ‡πâ‡∏î‡πâ‡∏ß‡∏¢ ‡∏ï‡∏±‡∏ß‡∏ä‡∏µ‡πâ‡∏ß‡∏±‡∏î‡∏ó‡∏µ‡πà‡∏Å‡∏≥‡∏´‡∏ô‡∏î‡∏ï‡πâ‡∏≠‡∏á‡∏°‡∏µ‡πÇ‡∏Ñ‡∏£‡∏á‡∏Å‡∏≤‡∏£‡∏£‡∏≠‡∏á‡∏£‡∏±‡∏ö‡∏ó‡∏∏‡∏Å‡∏ï‡∏±‡∏ß‡∏ä‡∏µ‡πâ‡∏ß‡∏±‡∏î ‡πÅ‡∏•‡∏∞‡πÉ‡∏ô‡∏Å‡∏≤‡∏£‡∏Å‡∏≥‡∏´‡∏ô‡∏î‡∏ï‡∏±‡∏ß‡∏ä‡∏µ‡πâ‡∏ß‡∏±‡∏î ‡πÉ‡∏ô1‡∏õ‡∏£‡∏∞‡πÄ‡∏î‡πá‡∏ô‡∏Ç‡∏≠‡∏á‡∏°‡∏≤‡∏ï‡∏£‡∏ê‡∏≤‡∏ô ‡∏™‡∏≤‡∏°‡∏≤‡∏£‡∏ñ‡∏°‡∏µ‡πÑ‡∏î‡πâ‡∏°‡∏≤‡∏Å‡∏Å‡∏ß‡πà‡∏≤ 1 ‡∏ï‡∏±‡∏ß‡∏ä‡∏µ‡πâ‡∏ß‡∏±‡∏î
07/10/2022:13:28:28,‡∏Ç‡∏±‡πâ‡∏ô1 ‡∏Å‡∏≥‡∏´‡∏ô‡∏î‡∏Ñ‡πà‡∏≤‡πÄ‡∏õ‡πâ‡∏≤‡∏´‡∏°‡∏≤‡∏¢‡∏≠‡∏¢‡πà‡∏≤‡∏á‡πÑ‡∏£,1-‡∏Å‡∏≥‡∏´‡∏ô‡∏î‡∏Ñ‡πà‡∏≤‡πÄ‡∏õ‡πâ‡∏≤‡∏´‡∏°‡∏≤‡∏¢,99.0%,‡∏ï‡∏±‡∏ß‡∏ä‡∏µ‡πâ‡∏ß‡∏±‡∏î‡∏ï‡∏£‡∏á‡∏ô‡∏µ‡πâ‡∏ï‡πâ‡∏≠‡∏á‡∏°‡∏≤‡∏à‡∏≤‡∏Å‡∏Å‡∏≤‡∏£‡∏Å‡∏≥‡∏´‡∏ô‡∏î‡∏£‡πà‡∏ß‡∏°‡∏Å‡∏±‡∏ô‡∏Ç‡∏≠‡∏á‡∏ö‡∏∏‡∏Ñ‡∏•‡∏≤‡∏Å‡∏£‡πÉ‡∏ô‡πÇ‡∏£‡∏á‡πÄ‡∏£‡∏µ‡∏¢‡∏ô ‡∏ß‡πà‡∏≤‡πÉ‡∏ô‡∏Å‡∏≤‡∏£‡∏û‡∏±‡∏í‡∏ô‡∏≤‡∏Ñ‡∏∏‡∏ì‡∏†‡∏≤‡∏û‡∏ï‡∏≤‡∏°‡∏°‡∏≤‡∏ï‡∏£‡∏ê‡∏≤‡∏ô‡∏Å‡∏≤‡∏£‡∏®‡∏∂‡∏Å‡∏©‡∏≤‡πÉ‡∏ô‡πÅ‡∏ï‡πà‡∏°‡∏≤‡∏ï‡∏£‡∏ê‡∏≤‡∏ô ‡πÉ‡∏ô‡πÅ‡∏ï‡πà‡∏•‡∏∞‡∏õ‡∏£‡∏∞‡πÄ‡∏î‡πá‡∏ô ‡πÇ‡∏£‡∏á‡πÄ‡∏£‡∏µ‡∏¢‡∏ô‡∏à‡∏∞‡∏ß‡∏±‡∏î‡∏î‡πâ‡∏ß‡∏¢‡∏≠‡∏∞‡πÑ‡∏£‡πÅ‡∏•‡∏∞‡∏ï‡∏±‡πâ‡∏á‡∏Ñ‡πà‡∏≤‡πÄ‡∏õ‡πâ‡∏≤‡∏´‡∏°‡∏≤‡∏¢‡∏Ñ‡∏ß‡∏≤‡∏°‡∏™‡∏≥‡πÄ‡∏£‡πá‡∏à‡πÑ‡∏ß‡πâ‡πÄ‡∏ó‡πà‡∏≤‡πÑ‡∏´‡∏£‡πà ‡∏Å‡∏≤‡∏£‡∏Å‡∏≥‡∏´‡∏ô‡∏î‡∏ï‡∏±‡∏ß‡∏ä‡∏µ‡πâ‡∏ß‡∏±‡∏î‡∏ï‡∏£‡∏á‡∏ô‡∏µ‡πâ‡∏à‡∏∞‡∏°‡∏µ‡∏Ñ‡∏ß‡∏≤‡∏°‡∏™‡∏±‡∏°‡∏û‡∏±‡∏ô‡∏ò‡πå‡πÅ‡∏•‡∏∞‡πÄ‡∏ä‡∏∑‡πà‡∏≠‡∏°‡πÇ‡∏¢‡∏á‡∏à‡∏ô‡πÄ‡∏™‡∏£‡πá‡∏à‡∏™‡∏¥‡πâ‡∏ô‡∏Å‡∏£‡∏∞‡∏ö‡∏ß‡∏ô‡∏Å‡∏≤‡∏£‡∏õ‡∏£‡∏∞‡∏Å‡∏±‡∏ô‡∏Ñ‡∏∏‡∏ì‡∏†‡∏≤‡∏û ‡πÄ‡∏û‡∏£‡∏≤‡∏∞‡πÄ‡∏°‡∏∑‡πà‡∏≠‡πÇ‡∏£‡∏á‡πÄ‡∏£‡∏µ‡∏¢‡∏ô‡∏Å‡∏≥‡∏´‡∏ô‡∏î‡∏ï‡∏±‡∏ß‡∏ä‡∏µ‡πâ‡∏ß‡∏±‡∏î‡πÅ‡∏•‡πâ‡∏ß ‡∏ï‡∏±‡∏ß‡∏ä‡∏µ‡πâ‡∏ß‡∏±‡∏î‡∏ô‡∏µ‡πâ‡∏à‡∏∞‡πÄ‡∏ä‡∏∑‡πà‡∏≠‡∏°‡πÇ‡∏¢‡∏á‡πÑ‡∏õ‡∏™‡∏π‡πà‡∏Ç‡∏±‡πâ‡∏ô‡∏ó‡∏µ‡πà2 ‡∏Å‡∏≤‡∏£‡∏à‡∏±‡∏î‡∏ó‡∏≥‡πÅ‡∏ú‡∏ô‡∏û‡∏±‡∏í‡∏ô‡∏≤‡∏Ø‡πÅ‡∏•‡∏∞‡πÅ‡∏ú‡∏ô‡∏õ‡∏è‡∏¥‡∏ö‡∏±‡∏ï‡∏¥‡∏Å‡∏≤‡∏£‡∏õ‡∏£‡∏∞‡∏à‡∏≥‡∏õ‡∏µ ‡πÇ‡∏£‡∏á‡πÄ‡∏£‡∏µ‡∏¢‡∏ô‡∏ï‡πâ‡∏≠‡∏á‡∏Å‡∏≥‡∏´‡∏ô‡∏î‡πÇ‡∏Ñ‡∏£‡∏á‡∏Å‡∏≤‡∏£‡∏ó‡∏µ‡πà‡∏™‡∏≠‡∏î‡∏£‡∏±‡∏ö‡∏Å‡∏±‡∏ö‡∏ï‡∏±‡∏ß‡∏ä‡∏µ‡πâ‡∏ß‡∏±‡∏î‡∏ï‡∏£‡∏á‡∏ô‡∏µ‡πâ‡∏î‡πâ‡∏ß‡∏¢ ‡∏ï‡∏±‡∏ß‡∏ä‡∏µ‡πâ‡∏ß‡∏±‡∏î‡∏ó‡∏µ‡πà‡∏Å‡∏≥‡∏´‡∏ô‡∏î‡∏ï‡πâ‡∏≠‡∏á‡∏°‡∏µ‡πÇ‡∏Ñ‡∏£‡∏á‡∏Å‡∏≤‡∏£‡∏£‡∏≠‡∏á‡∏£‡∏±‡∏ö‡∏ó‡∏∏‡∏Å‡∏ï‡∏±‡∏ß‡∏ä‡∏µ‡πâ‡∏ß‡∏±‡∏î ‡πÅ‡∏•‡∏∞‡πÉ‡∏ô‡∏Å‡∏≤‡∏£‡∏Å‡∏≥‡∏´‡∏ô‡∏î‡∏ï‡∏±‡∏ß‡∏ä‡∏µ‡πâ‡∏ß‡∏±‡∏î ‡πÉ‡∏ô1‡∏õ‡∏£‡∏∞‡πÄ‡∏î‡πá‡∏ô‡∏Ç‡∏≠‡∏á‡∏°‡∏≤‡∏ï‡∏£‡∏ê‡∏≤‡∏ô ‡∏™‡∏≤‡∏°‡∏≤‡∏£‡∏ñ‡∏°‡∏µ‡πÑ‡∏î‡πâ‡∏°‡∏≤‡∏Å‡∏Å‡∏ß‡πà‡∏≤ 1 ‡∏ï‡∏±‡∏ß‡∏ä‡∏µ‡πâ‡∏ß‡∏±‡∏î
07/10/2022:13:28:33,‡∏Ç‡∏±‡πâ‡∏ô‡∏ï‡∏≠‡∏ô‡∏ó‡∏µ‡πà1 ‡∏Ñ‡πà‡∏≤‡πÄ‡∏õ‡πâ‡∏≤‡∏´‡∏°‡∏≤‡∏¢‡∏Ç‡∏≠‡∏á‡∏ï‡∏±‡∏ß‡∏ä‡∏µ‡πâ‡∏ß‡∏±‡∏î‡∏Å‡∏≥‡∏´‡∏ô‡∏î‡∏≠‡∏¢‡πà‡∏≤‡∏á‡πÑ‡∏£,1-‡∏Å‡∏≥‡∏´‡∏ô‡∏î‡∏Ñ‡πà‡∏≤‡πÄ‡∏õ‡πâ‡∏≤‡∏´‡∏°‡∏≤‡∏¢,99.0%,‡∏ï‡∏±‡∏ß‡∏ä‡∏µ‡πâ‡∏ß‡∏±‡∏î‡∏ï‡∏£‡∏á‡∏ô‡∏µ‡πâ‡∏ï‡πâ‡∏≠‡∏á‡∏°‡∏≤‡∏à‡∏≤‡∏Å‡∏Å‡∏≤‡∏£‡∏Å‡∏≥‡∏´‡∏ô‡∏î‡∏£‡πà‡∏ß‡∏°‡∏Å‡∏±‡∏ô‡∏Ç‡∏≠‡∏á‡∏ö‡∏∏‡∏Ñ‡∏•‡∏≤‡∏Å‡∏£‡πÉ‡∏ô‡πÇ‡∏£‡∏á‡πÄ‡∏£‡∏µ‡∏¢‡∏ô ‡∏ß‡πà‡∏≤‡πÉ‡∏ô‡∏Å‡∏≤‡∏£‡∏û‡∏±‡∏í‡∏ô‡∏≤‡∏Ñ‡∏∏‡∏ì‡∏†‡∏≤‡∏û‡∏ï‡∏≤‡∏°‡∏°‡∏≤‡∏ï‡∏£‡∏ê‡∏≤‡∏ô‡∏Å‡∏≤‡∏£‡∏®‡∏∂‡∏Å‡∏©‡∏≤‡πÉ‡∏ô‡πÅ‡∏ï‡πà‡∏°‡∏≤‡∏ï‡∏£‡∏ê‡∏≤‡∏ô ‡πÉ‡∏ô‡πÅ‡∏ï‡πà‡∏•‡∏∞‡∏õ‡∏£‡∏∞‡πÄ‡∏î‡πá‡∏ô ‡πÇ‡∏£‡∏á‡πÄ‡∏£‡∏µ‡∏¢‡∏ô‡∏à‡∏∞‡∏ß‡∏±‡∏î‡∏î‡πâ‡∏ß‡∏¢‡∏≠‡∏∞‡πÑ‡∏£‡πÅ‡∏•‡∏∞‡∏ï‡∏±‡πâ‡∏á‡∏Ñ‡πà‡∏≤‡πÄ‡∏õ‡πâ‡∏≤‡∏´‡∏°‡∏≤‡∏¢‡∏Ñ‡∏ß‡∏≤‡∏°‡∏™‡∏≥‡πÄ‡∏£‡πá‡∏à‡πÑ‡∏ß‡πâ‡πÄ‡∏ó‡πà‡∏≤‡πÑ‡∏´‡∏£‡πà ‡∏Å‡∏≤‡∏£‡∏Å‡∏≥‡∏´‡∏ô‡∏î‡∏ï‡∏±‡∏ß‡∏ä‡∏µ‡πâ‡∏ß‡∏±‡∏î‡∏ï‡∏£‡∏á‡∏ô‡∏µ‡πâ‡∏à‡∏∞‡∏°‡∏µ‡∏Ñ‡∏ß‡∏≤‡∏°‡∏™‡∏±‡∏°‡∏û‡∏±‡∏ô‡∏ò‡πå‡πÅ‡∏•‡∏∞‡πÄ‡∏ä‡∏∑‡πà‡∏≠‡∏°‡πÇ‡∏¢‡∏á‡∏à‡∏ô‡πÄ‡∏™‡∏£‡πá‡∏à‡∏™‡∏¥‡πâ‡∏ô‡∏Å‡∏£‡∏∞‡∏ö‡∏ß‡∏ô‡∏Å‡∏≤‡∏£‡∏õ‡∏£‡∏∞‡∏Å‡∏±‡∏ô‡∏Ñ‡∏∏‡∏ì‡∏†‡∏≤‡∏û ‡πÄ‡∏û‡∏£‡∏≤‡∏∞‡πÄ‡∏°‡∏∑‡πà‡∏≠‡πÇ‡∏£‡∏á‡πÄ‡∏£‡∏µ‡∏¢‡∏ô‡∏Å‡∏≥‡∏´‡∏ô‡∏î‡∏ï‡∏±‡∏ß‡∏ä‡∏µ‡πâ‡∏ß‡∏±‡∏î‡πÅ‡∏•‡πâ‡∏ß ‡∏ï‡∏±‡∏ß‡∏ä‡∏µ‡πâ‡∏ß‡∏±‡∏î‡∏ô‡∏µ‡πâ‡∏à‡∏∞‡πÄ‡∏ä‡∏∑‡πà‡∏≠‡∏°‡πÇ‡∏¢‡∏á‡πÑ‡∏õ‡∏™‡∏π‡πà‡∏Ç‡∏±‡πâ‡∏ô‡∏ó‡∏µ‡πà2 ‡∏Å‡∏≤‡∏£‡∏à‡∏±‡∏î‡∏ó‡∏≥‡πÅ‡∏ú‡∏ô‡∏û‡∏±‡∏í‡∏ô‡∏≤‡∏Ø‡πÅ‡∏•‡∏∞‡πÅ‡∏ú‡∏ô‡∏õ‡∏è‡∏¥‡∏ö‡∏±‡∏ï‡∏¥‡∏Å‡∏≤‡∏£‡∏õ‡∏£‡∏∞‡∏à‡∏≥‡∏õ‡∏µ ‡πÇ‡∏£‡∏á‡πÄ‡∏£‡∏µ‡∏¢‡∏ô‡∏ï‡πâ‡∏≠‡∏á‡∏Å‡∏≥‡∏´‡∏ô‡∏î‡πÇ‡∏Ñ‡∏£‡∏á‡∏Å‡∏≤‡∏£‡∏ó‡∏µ‡πà‡∏™‡∏≠‡∏î‡∏£‡∏±‡∏ö‡∏Å‡∏±‡∏ö‡∏ï‡∏±‡∏ß‡∏ä‡∏µ‡πâ‡∏ß‡∏±‡∏î‡∏ï‡∏£‡∏á‡∏ô‡∏µ‡πâ‡∏î‡πâ‡∏ß‡∏¢ ‡∏ï‡∏±‡∏ß‡∏ä‡∏µ‡πâ‡∏ß‡∏±‡∏î‡∏ó‡∏µ‡πà‡∏Å‡∏≥‡∏´‡∏ô‡∏î‡∏ï‡πâ‡∏≠‡∏á‡∏°‡∏µ‡πÇ‡∏Ñ‡∏£‡∏á‡∏Å‡∏≤‡∏£‡∏£‡∏≠‡∏á‡∏£‡∏±‡∏ö‡∏ó‡∏∏‡∏Å‡∏ï‡∏±‡∏ß‡∏ä‡∏µ‡πâ‡∏ß‡∏±‡∏î ‡πÅ‡∏•‡∏∞‡πÉ‡∏ô‡∏Å‡∏≤‡∏£‡∏Å‡∏≥‡∏´‡∏ô‡∏î‡∏ï‡∏±‡∏ß‡∏ä‡∏µ‡πâ‡∏ß‡∏±‡∏î ‡πÉ‡∏ô1‡∏õ‡∏£‡∏∞‡πÄ‡∏î‡πá‡∏ô‡∏Ç‡∏≠‡∏á‡∏°‡∏≤‡∏ï‡∏£‡∏ê‡∏≤‡∏ô ‡∏™‡∏≤‡∏°‡∏≤‡∏£‡∏ñ‡∏°‡∏µ‡πÑ‡∏î‡πâ‡∏°‡∏≤‡∏Å‡∏Å‡∏ß‡πà‡∏≤ 1 ‡∏ï‡∏±‡∏ß‡∏ä‡∏µ‡πâ‡∏ß‡∏±‡∏î
07/10/2022:13:28:39,‡∏Ñ‡∏±‡∏î‡∏•‡∏≠‡∏Å‡∏°‡∏≤‡∏ï‡∏£‡∏ê‡∏≤‡∏ô‡∏õ‡∏µ‡∏ó‡∏µ‡πà‡∏ú‡πà‡∏≤‡∏ô‡∏°‡∏≤‡∏ó‡∏≥‡∏≠‡∏¢‡πà‡∏≤‡∏á‡πÑ‡∏£,1-‡∏Ñ‡∏±‡∏î‡∏•‡∏≠‡∏Å‡∏°‡∏≤‡∏ï‡∏£‡∏ê‡∏≤‡∏ô,99.0%,‡πÉ‡∏´‡πâ‡∏Ñ‡∏•‡∏¥‡∏Å‡∏õ‡∏∏‡πà‡∏° "‡∏Ñ‡∏±‡∏î‡∏•‡∏≠‡∏Å‡∏à‡∏≤‡∏Å‡∏õ‡∏µ256.." ‡∏´‡∏£‡∏∑‡∏≠‡∏ó‡∏≥‡∏ï‡∏≤‡∏°VDO‡∏ô‡∏µ‡πâ ‡πÉ‡∏ô‡∏ô‡∏≤‡∏ó‡∏µ‡∏ó‡∏µ‡πà 2 ‡πÄ‡∏õ‡πá‡∏ô‡∏ï‡πâ‡∏ô‡πÑ‡∏õ‡∏Ñ‡πà‡∏∞ üëâhttps://youtu.be/1Ii49Vr8ssA
07/10/2022:13:28:45,‡∏Ç‡∏±‡πâ‡∏ô‡∏ó‡∏µ‡πà1 ‡∏Ñ‡∏±‡∏î‡∏•‡∏≠‡∏Å‡∏Ç‡πâ‡∏≠‡∏°‡∏π‡∏•‡∏õ‡∏µ‡∏ó‡∏µ‡πà‡∏ú‡πà‡∏≤‡∏ô‡∏°‡∏≤‡∏ï‡∏£‡∏á‡πÑ‡∏´‡∏ô,1-‡∏Ñ‡∏±‡∏î‡∏•‡∏≠‡∏Å‡∏°‡∏≤‡∏ï‡∏£‡∏ê‡∏≤‡∏ô,99.0%,‡πÉ‡∏´‡πâ‡∏Ñ‡∏•‡∏¥‡∏Å‡∏õ‡∏∏‡πà‡∏° "‡∏Ñ‡∏±‡∏î‡∏•‡∏≠‡∏Å‡∏à‡∏≤‡∏Å‡∏õ‡∏µ256.." ‡∏´‡∏£‡∏∑‡∏≠‡∏ó‡∏≥‡∏ï‡∏≤‡∏°VDO‡∏ô‡∏µ‡πâ ‡πÉ‡∏ô‡∏ô‡∏≤‡∏ó‡∏µ‡∏ó‡∏µ‡πà 2 ‡πÄ‡∏õ‡πá‡∏ô‡∏ï‡πâ‡∏ô‡πÑ‡∏õ‡∏Ñ‡πà‡∏∞ üëâhttps://youtu.be/1Ii49Vr8ssA
07/10/2022:13:28:47,‡πÉ‡∏ä‡πâ‡∏°‡∏≤‡∏ï‡∏£‡∏ê‡∏≤‡∏ô‡∏õ‡∏µ‡∏ó‡∏µ‡πà‡∏ú‡πà‡∏≤‡∏ô‡∏°‡∏≤‡∏ó‡∏≥‡∏≠‡∏¢‡πà‡∏≤‡∏á‡πÑ‡∏£ ‡∏Ç‡∏±‡πâ‡∏ô‡∏ï‡∏≠‡∏ô‡∏ó‡∏µ‡πà1,1-‡∏Ñ‡∏±‡∏î‡∏•‡∏≠‡∏Å‡∏°‡∏≤‡∏ï‡∏£‡∏ê‡∏≤‡∏ô,99.0%,‡πÉ‡∏´‡πâ‡∏Ñ‡∏•‡∏¥‡∏Å‡∏õ‡∏∏‡πà‡∏° "‡∏Ñ‡∏±‡∏î‡∏•‡∏≠‡∏Å‡∏à‡∏≤‡∏Å‡∏õ‡∏µ256.." ‡∏´‡∏£‡∏∑‡∏≠‡∏ó‡∏≥‡∏ï‡∏≤‡∏°VDO‡∏ô‡∏µ‡πâ ‡πÉ‡∏ô‡∏ô‡∏≤‡∏ó‡∏µ‡∏ó‡∏µ‡πà 2 ‡πÄ‡∏õ‡πá‡∏ô‡∏ï‡πâ‡∏ô‡πÑ‡∏õ‡∏Ñ‡πà‡∏∞ üëâhttps://youtu.be/1Ii49Vr8ssA
07/10/2022:13:28:50,‡∏Ç‡∏±‡πâ‡∏ô‡∏ï‡∏≠‡∏ô‡∏ó‡∏µ‡πà1 ‡∏Ñ‡∏±‡∏î‡∏•‡∏≠‡∏Å‡∏Ç‡πâ‡∏≠‡∏°‡∏π‡∏•‡∏õ‡∏µ‡∏ó‡∏µ‡πà‡∏ú‡πà‡∏≤‡∏ô‡∏°‡∏≤‡∏ó‡∏≥‡∏≠‡∏¢‡πà‡∏≤‡∏á‡πÑ‡∏£,1-‡∏Ñ‡∏±‡∏î‡∏•‡∏≠‡∏Å‡∏°‡∏≤‡∏ï‡∏£‡∏ê‡∏≤‡∏ô,99.0%,‡πÉ‡∏´‡πâ‡∏Ñ‡∏•‡∏¥‡∏Å‡∏õ‡∏∏‡πà‡∏° "‡∏Ñ‡∏±‡∏î‡∏•‡∏≠‡∏Å‡∏à‡∏≤‡∏Å‡∏õ‡∏µ256.." ‡∏´‡∏£‡∏∑‡∏≠‡∏ó‡∏≥‡∏ï‡∏≤‡∏°VDO‡∏ô‡∏µ‡πâ ‡πÉ‡∏ô‡∏ô‡∏≤‡∏ó‡∏µ‡∏ó‡∏µ‡πà 2 ‡πÄ‡∏õ‡πá‡∏ô‡∏ï‡πâ‡∏ô‡πÑ‡∏õ‡∏Ñ‡πà‡∏∞ üëâhttps://youtu.be/1Ii49Vr8ssA
07/10/2022:13:28:53,‡∏ô‡∏≥‡∏°‡∏≤‡∏ï‡∏£‡∏ê‡∏≤‡∏ô‡∏õ‡∏µ‡∏Å‡πà‡∏≠‡∏ô‡∏°‡∏≤‡πÉ‡∏ä‡πâ‡∏ó‡∏≥‡∏≠‡∏¢‡πà‡∏≤‡∏á‡πÑ‡∏£‡∏Ç‡∏±‡πâ‡∏ô‡πÅ‡∏£‡∏Å,1-‡∏Ñ‡∏±‡∏î‡∏•‡∏≠‡∏Å‡∏°‡∏≤‡∏ï‡∏£‡∏ê‡∏≤‡∏ô,99.0%,‡πÉ‡∏´‡πâ‡∏Ñ‡∏•‡∏¥‡∏Å‡∏õ‡∏∏‡πà‡∏° "‡∏Ñ‡∏±‡∏î‡∏•‡∏≠‡∏Å‡∏à‡∏≤‡∏Å‡∏õ‡∏µ256.." ‡∏´‡∏£‡∏∑‡∏≠‡∏ó‡∏≥‡∏ï‡∏≤‡∏°VDO‡∏ô‡∏µ‡πâ ‡πÉ‡∏ô‡∏ô‡∏≤‡∏ó‡∏µ‡∏ó‡∏µ‡πà 2 ‡πÄ‡∏õ‡πá‡∏ô‡∏ï‡πâ‡∏ô‡πÑ‡∏õ‡∏Ñ‡πà‡∏∞ üëâhttps://youtu.be/1Ii49Vr8ssA
07/10/2022:13:29:01,‡∏Ç‡∏±‡πâ‡∏ô 2.1,2.1-‡πÅ‡∏ú‡∏ô‡∏û‡∏±‡∏í‡∏ô‡∏≤‡∏Å‡∏≤‡∏£‡∏à‡∏±‡∏î‡∏Å‡∏≤‡∏£‡∏®‡∏∂‡∏Å‡∏©‡∏≤,98.0%,‡∏ó‡πà‡∏≤‡∏ô‡∏™‡∏≤‡∏°‡∏≤‡∏£‡∏ñ‡∏ó‡∏≥‡∏ï‡∏≤‡∏°‡πÑ‡∏î‡πâ‡∏ï‡∏≤‡∏° VDO ‡∏≠‡∏ò‡∏¥‡∏ö‡∏≤‡∏¢‡∏Å‡∏≤‡∏£‡∏ö‡∏±‡∏ô‡∏ó‡∏∂‡∏Å‡∏Ç‡πâ‡∏≠‡∏°‡∏π‡∏•‡∏Ç‡∏±‡πâ‡∏ô‡∏ó‡∏µ‡πà 2.1 ‡πÅ‡∏ú‡∏ô‡∏û‡∏±‡∏í‡∏ô‡∏≤‡∏Å‡∏≤‡∏£‡∏à‡∏±‡∏î‡∏Å‡∏≤‡∏£‡∏®‡∏∂‡∏Å‡∏©‡∏≤ ‡∏Ñ‡∏•‡∏¥‡∏Å üëâhttps://youtu.be/PQb6ELw5u2M
07/10/2022:13:29:05,‡πÅ‡∏ú‡∏ô‡∏û‡∏±‡∏í‡∏ô‡∏≤‡∏Å‡∏≤‡∏£‡∏à‡∏±‡∏î‡∏Å‡∏≤‡∏£‡∏®‡∏∂‡∏Å‡∏©‡∏≤‡∏ó‡∏≥‡∏¢‡∏±‡∏á‡πÑ‡∏á,2.1-‡πÅ‡∏ú‡∏ô‡∏û‡∏±‡∏í‡∏ô‡∏≤‡∏Å‡∏≤‡∏£‡∏à‡∏±‡∏î‡∏Å‡∏≤‡∏£‡∏®‡∏∂‡∏Å‡∏©‡∏≤,99.0%,‡∏ó‡πà‡∏≤‡∏ô‡∏™‡∏≤‡∏°‡∏≤‡∏£‡∏ñ‡∏ó‡∏≥‡∏ï‡∏≤‡∏°‡πÑ‡∏î‡πâ‡∏ï‡∏≤‡∏° VDO ‡∏≠‡∏ò‡∏¥‡∏ö‡∏≤‡∏¢‡∏Å‡∏≤‡∏£‡∏ö‡∏±‡∏ô‡∏ó‡∏∂‡∏Å‡∏Ç‡πâ‡∏≠‡∏°‡∏π‡∏•‡∏Ç‡∏±‡πâ‡∏ô‡∏ó‡∏µ‡πà 2.1 ‡πÅ‡∏ú‡∏ô‡∏û‡∏±‡∏í‡∏ô‡∏≤‡∏Å‡∏≤‡∏£‡∏à‡∏±‡∏î‡∏Å‡∏≤‡∏£‡∏®‡∏∂‡∏Å‡∏©‡∏≤ ‡∏Ñ‡∏•‡∏¥‡∏Å üëâhttps://youtu.be/PQb6ELw5u2M
07/10/2022:13:29:08,‡∏Ç‡∏±‡πâ‡∏ô 2.1 ‡πÅ‡∏ú‡∏ô‡∏û‡∏±‡∏í‡∏ô‡∏≤‡∏Å‡∏≤‡∏£‡∏à‡∏±‡∏î‡∏Å‡∏≤‡∏£‡∏®‡∏∂‡∏Å‡∏©‡∏≤,2.1-‡πÅ‡∏ú‡∏ô‡∏û‡∏±‡∏í‡∏ô‡∏≤‡∏Å‡∏≤‡∏£‡∏à‡∏±‡∏î‡∏Å‡∏≤‡∏£‡∏®‡∏∂‡∏Å‡∏©‡∏≤,99.0%,‡∏ó‡πà‡∏≤‡∏ô‡∏™‡∏≤‡∏°‡∏≤‡∏£‡∏ñ‡∏ó‡∏≥‡∏ï‡∏≤‡∏°‡πÑ‡∏î‡πâ‡∏ï‡∏≤‡∏° VDO ‡∏≠‡∏ò‡∏¥‡∏ö‡∏≤‡∏¢‡∏Å‡∏≤‡∏£‡∏ö‡∏±‡∏ô‡∏ó‡∏∂‡∏Å‡∏Ç‡πâ‡∏≠‡∏°‡∏π‡∏•‡∏Ç‡∏±‡πâ‡∏ô‡∏ó‡∏µ‡πà 2.1 ‡πÅ‡∏ú‡∏ô‡∏û‡∏±‡∏í‡∏ô‡∏≤‡∏Å‡∏≤‡∏£‡∏à‡∏±‡∏î‡∏Å‡∏≤‡∏£‡∏®‡∏∂‡∏Å‡∏©‡∏≤ ‡∏Ñ‡∏•‡∏¥‡∏Å üëâhttps://youtu.be/PQb6ELw5u2M
07/10/2022:13:30:01,2.1-‡∏°‡∏≤‡∏ï‡∏£‡∏ê‡∏≤‡∏ô‡∏Å‡∏≤‡∏£‡∏®‡∏∂‡∏Å‡∏©‡∏≤‡∏Ç‡∏±‡πâ‡∏ô‡∏û‡∏∑‡πâ‡∏ô‡∏ê‡∏≤‡∏ô‡πÑ‡∏°‡πà‡∏Ç‡∏∂‡πâ‡∏ô,2.1-‡∏°‡∏≤‡∏ï‡∏£‡∏ê‡∏≤‡∏ô‡∏Å‡∏≤‡∏£‡∏®‡∏∂‡∏Å‡∏©‡∏≤‡∏Ç‡∏±‡πâ‡∏ô‡∏û‡∏∑‡πâ‡∏ô‡∏ê‡∏≤‡∏ô‡πÑ‡∏°‡πà‡∏Ç‡∏∂‡πâ‡∏ô,93.0%,‡∏´‡∏≤‡∏Å‡∏Ç‡πâ‡∏≠‡∏°‡∏π‡∏•‡∏°‡∏≤‡∏ï‡∏£‡∏ê‡∏≤‡∏ô‡πÉ‡∏î‡πÑ‡∏°‡πà‡∏Ç‡∏∂‡πâ‡∏ô ‡πÄ‡∏ö‡∏∑‡πâ‡∏≠‡∏á‡∏ï‡πâ‡∏ô‡πÉ‡∏´‡πâ‡∏ï‡∏£‡∏ß‡∏à‡∏™‡∏≠‡∏ö‡∏Å‡∏≤‡∏£‡∏ö‡∏±‡∏ô‡∏ó‡∏∂‡∏Å‡∏Ç‡πâ‡∏≠‡∏°‡∏π‡∏•‡πÉ‡∏ô‡∏Ç‡∏±‡πâ‡∏ô‡∏ó‡∏µ‡πà 1 ‡πÄ‡∏£‡∏µ‡∏¢‡∏ö‡∏£‡πâ‡∏≠‡∏¢‡πÅ‡∏•‡πâ‡∏ß‡∏´‡∏£‡∏∑‡∏≠‡πÑ‡∏°‡πà ‡πÄ‡∏°‡∏∑‡πà‡∏≠‡∏ö‡∏±‡∏ô‡∏ó‡∏∂‡∏Å‡∏Ç‡πâ‡∏≠‡∏°‡∏π‡∏•‡πÉ‡∏ô‡∏Ç‡∏±‡πâ‡∏ô‡∏ó‡∏µ‡πà 1 ‡πÄ‡∏£‡∏µ‡∏¢‡∏ö‡∏£‡πâ‡∏≠‡∏¢‡πÅ‡∏•‡πâ‡∏ß‡πÅ‡∏•‡∏∞‡∏ú‡∏π‡πâ‡∏ö‡∏£‡∏¥‡∏´‡∏≤‡∏£‡∏™‡∏ñ‡∏≤‡∏ô‡∏®‡∏∂‡∏Å‡∏©‡∏≤‡∏£‡∏±‡∏ö‡∏£‡∏≠‡∏á‡∏Ç‡πâ‡∏≠‡∏°‡∏π‡∏•‡πÅ‡∏•‡πâ‡∏ß ‡∏™‡∏ñ‡∏≤‡∏ô‡∏∞‡πÉ‡∏ô‡∏Ç‡∏±‡πâ‡∏ô‡∏ó‡∏µ‡πà 1 ‡πÄ‡∏õ‡∏•‡∏µ‡πà‡∏¢‡∏ô‡πÄ‡∏õ‡πá‡∏ô "‡∏™‡πà‡∏ß‡∏ô‡∏Å‡∏•‡∏≤‡∏á‡πÑ‡∏î‡πâ‡∏£‡∏±‡∏ö‡∏Ç‡πâ‡∏≠‡∏°‡∏π‡∏•‡πÅ‡∏•‡πâ‡∏ß" ‡∏ó‡πà‡∏≤‡∏ô‡∏à‡∏∞‡∏™‡∏≤‡∏°‡∏≤‡∏£‡∏ñ‡∏ö‡∏±‡∏ô‡∏ó‡∏∂‡∏Å‡∏Ç‡πâ‡∏≠‡∏°‡∏π‡∏•‡πÉ‡∏ô‡∏Ç‡∏±‡πâ‡∏ô‡∏ó‡∏µ‡πà 2.1 ‡πÑ‡∏î‡πâ 
07/10/2022:13:30:43,‡πÅ‡∏ú‡∏ô‡∏û‡∏±‡∏í‡∏ô‡∏≤‡∏Å‡∏≤‡∏£‡∏à‡∏±‡∏î‡∏Å‡∏≤‡∏£‡∏®‡∏∂‡∏Å‡∏©‡∏≤‡∏Ç‡∏±‡πâ‡∏ô‡∏ï‡∏≠‡∏ô‡∏ó‡∏µ‡πà2.1,2.1-‡πÅ‡∏ú‡∏ô‡∏û‡∏±‡∏í‡∏ô‡∏≤‡∏Å‡∏≤‡∏£‡∏à‡∏±‡∏î‡∏Å‡∏≤‡∏£‡∏®‡∏∂‡∏Å‡∏©‡∏≤,99.0%,‡∏ó‡πà‡∏≤‡∏ô‡∏™‡∏≤‡∏°‡∏≤‡∏£‡∏ñ‡∏ó‡∏≥‡∏ï‡∏≤‡∏°‡πÑ‡∏î‡πâ‡∏ï‡∏≤‡∏° VDO ‡∏≠‡∏ò‡∏¥‡∏ö‡∏≤‡∏¢‡∏Å‡∏≤‡∏£‡∏ö‡∏±‡∏ô‡∏ó‡∏∂‡∏Å‡∏Ç‡πâ‡∏≠‡∏°‡∏π‡∏•‡∏Ç‡∏±‡πâ‡∏ô‡∏ó‡∏µ‡πà 2.1 ‡πÅ‡∏ú‡∏ô‡∏û‡∏±‡∏í‡∏ô‡∏≤‡∏Å‡∏≤‡∏£‡∏à‡∏±‡∏î‡∏Å‡∏≤‡∏£‡∏®‡∏∂‡∏Å‡∏©‡∏≤ ‡∏Ñ‡∏•‡∏¥‡∏Å üëâhttps://youtu.be/PQb6ELw5u2M
07/10/2022:13:30:49,‡∏ï‡πâ‡∏≠‡∏á‡∏ö‡∏±‡∏ô‡∏ó‡∏∂‡∏Å‡∏ó‡∏∏‡∏Å‡πÅ‡∏ú‡∏ô‡∏û‡∏±‡∏í‡∏ô‡∏≤‡πÑ‡∏´‡∏°,2.1-‡∏Å‡∏≤‡∏£‡∏ö‡∏±‡∏ô‡∏ó‡∏∂‡∏Å‡∏Ç‡πâ‡∏≠‡∏°‡∏π‡∏•,99.0%,‡∏ó‡πà‡∏≤‡∏ô‡∏™‡∏≤‡∏°‡∏≤‡∏£‡∏ñ‡∏ó‡∏≥‡∏ï‡∏≤‡∏°‡πÑ‡∏î‡πâ‡∏ï‡∏≤‡∏° VDO ‡∏≠‡∏ò‡∏¥‡∏ö‡∏≤‡∏¢‡∏Å‡∏≤‡∏£‡∏ö‡∏±‡∏ô‡∏ó‡∏∂‡∏Å‡∏Ç‡πâ‡∏≠‡∏°‡∏π‡∏•‡∏Ç‡∏±‡πâ‡∏ô‡∏ó‡∏µ‡πà 2.1 ‡πÅ‡∏ú‡∏ô‡∏û‡∏±‡∏í‡∏ô‡∏≤‡∏Å‡∏≤‡∏£‡∏à‡∏±‡∏î‡∏Å‡∏≤‡∏£‡∏®‡∏∂‡∏Å‡∏©‡∏≤ ‡∏Ñ‡∏•‡∏¥‡∏Å üëâhttps://youtu.be/PQb6ELw5u2M
07/10/2022:13:30:52,‡∏à‡∏≥‡πÄ‡∏õ‡πá‡∏ô‡∏ï‡πâ‡∏≠‡∏á save ‡∏ó‡∏∏‡∏Å‡πÅ‡∏ú‡∏ô‡∏û‡∏±‡∏í‡∏ô‡∏≤‡πÑ‡∏´‡∏°,2.1-‡∏Å‡∏≤‡∏£‡∏ö‡∏±‡∏ô‡∏ó‡∏∂‡∏Å‡∏Ç‡πâ‡∏≠‡∏°‡∏π‡∏•,99.0%,‡∏ó‡πà‡∏≤‡∏ô‡∏™‡∏≤‡∏°‡∏≤‡∏£‡∏ñ‡∏ó‡∏≥‡∏ï‡∏≤‡∏°‡πÑ‡∏î‡πâ‡∏ï‡∏≤‡∏° VDO ‡∏≠‡∏ò‡∏¥‡∏ö‡∏≤‡∏¢‡∏Å‡∏≤‡∏£‡∏ö‡∏±‡∏ô‡∏ó‡∏∂‡∏Å‡∏Ç‡πâ‡∏≠‡∏°‡∏π‡∏•‡∏Ç‡∏±‡πâ‡∏ô‡∏ó‡∏µ‡πà 2.1 ‡πÅ‡∏ú‡∏ô‡∏û‡∏±‡∏í‡∏ô‡∏≤‡∏Å‡∏≤‡∏£‡∏à‡∏±‡∏î‡∏Å‡∏≤‡∏£‡∏®‡∏∂‡∏Å‡∏©‡∏≤ ‡∏Ñ‡∏•‡∏¥‡∏Å üëâhttps://youtu.be/PQb6ELw5u2M
07/10/2022:13:30:54,‡∏Å‡∏≤‡∏£‡πÄ‡∏ã‡∏ü‡∏Ç‡πâ‡∏≠‡∏°‡∏π‡∏• 2.1,2.1-‡∏Å‡∏≤‡∏£‡∏ö‡∏±‡∏ô‡∏ó‡∏∂‡∏Å‡∏Ç‡πâ‡∏≠‡∏°‡∏π‡∏•,98.0%,‡∏ó‡πà‡∏≤‡∏ô‡∏™‡∏≤‡∏°‡∏≤‡∏£‡∏ñ‡∏ó‡∏≥‡∏ï‡∏≤‡∏°‡πÑ‡∏î‡πâ‡∏ï‡∏≤‡∏° VDO ‡∏≠‡∏ò‡∏¥‡∏ö‡∏≤‡∏¢‡∏Å‡∏≤‡∏£‡∏ö‡∏±‡∏ô‡∏ó‡∏∂‡∏Å‡∏Ç‡πâ‡∏≠‡∏°‡∏π‡∏•‡∏Ç‡∏±‡πâ‡∏ô‡∏ó‡∏µ‡πà 2.1 ‡πÅ‡∏ú‡∏ô‡∏û‡∏±‡∏í‡∏ô‡∏≤‡∏Å‡∏≤‡∏£‡∏à‡∏±‡∏î‡∏Å‡∏≤‡∏£‡∏®‡∏∂‡∏Å‡∏©‡∏≤ ‡∏Ñ‡∏•‡∏¥‡∏Å üëâhttps://youtu.be/PQb6ELw5u2M
07/10/2022:13:30:56,‡∏Å‡∏≤‡∏£ save ‡∏Ç‡πâ‡∏≠‡∏°‡∏π‡∏• 2.1 ‡∏ó‡∏≥‡∏≠‡∏¢‡πà‡∏≤‡∏á‡πÑ‡∏£,2.1-‡∏Å‡∏≤‡∏£‡∏ö‡∏±‡∏ô‡∏ó‡∏∂‡∏Å‡∏Ç‡πâ‡∏≠‡∏°‡∏π‡∏•,99.0%,‡∏ó‡πà‡∏≤‡∏ô‡∏™‡∏≤‡∏°‡∏≤‡∏£‡∏ñ‡∏ó‡∏≥‡∏ï‡∏≤‡∏°‡πÑ‡∏î‡πâ‡∏ï‡∏≤‡∏° VDO ‡∏≠‡∏ò‡∏¥‡∏ö‡∏≤‡∏¢‡∏Å‡∏≤‡∏£‡∏ö‡∏±‡∏ô‡∏ó‡∏∂‡∏Å‡∏Ç‡πâ‡∏≠‡∏°‡∏π‡∏•‡∏Ç‡∏±‡πâ‡∏ô‡∏ó‡∏µ‡πà 2.1 ‡πÅ‡∏ú‡∏ô‡∏û‡∏±‡∏í‡∏ô‡∏≤‡∏Å‡∏≤‡∏£‡∏à‡∏±‡∏î‡∏Å‡∏≤‡∏£‡∏®‡∏∂‡∏Å‡∏©‡∏≤ ‡∏Ñ‡∏•‡∏¥‡∏Å üëâhttps://youtu.be/PQb6ELw5u2M
07/10/2022:13:30:59,‡∏Ç‡∏±‡πâ‡∏ô‡∏ï‡∏≠‡∏ô‡∏ó‡∏µ‡πà2.1‡∏ï‡πâ‡∏≠‡∏á‡πÄ‡∏ã‡∏ü‡∏ó‡∏∏‡∏Å‡πÅ‡∏ú‡∏ô‡∏û‡∏±‡∏í‡∏ô‡∏≤‡πÑ‡∏´‡∏°,2.1-‡∏Å‡∏≤‡∏£‡∏ö‡∏±‡∏ô‡∏ó‡∏∂‡∏Å‡∏Ç‡πâ‡∏≠‡∏°‡∏π‡∏•,99.0%,‡∏ó‡πà‡∏≤‡∏ô‡∏™‡∏≤‡∏°‡∏≤‡∏£‡∏ñ‡∏ó‡∏≥‡∏ï‡∏≤‡∏°‡πÑ‡∏î‡πâ‡∏ï‡∏≤‡∏° VDO ‡∏≠‡∏ò‡∏¥‡∏ö‡∏≤‡∏¢‡∏Å‡∏≤‡∏£‡∏ö‡∏±‡∏ô‡∏ó‡∏∂‡∏Å‡∏Ç‡πâ‡∏≠‡∏°‡∏π‡∏•‡∏Ç‡∏±‡πâ‡∏ô‡∏ó‡∏µ‡πà 2.1 ‡πÅ‡∏ú‡∏ô‡∏û‡∏±‡∏í‡∏ô‡∏≤‡∏Å‡∏≤‡∏£‡∏à‡∏±‡∏î‡∏Å‡∏≤‡∏£‡∏®‡∏∂‡∏Å‡∏©‡∏≤ ‡∏Ñ‡∏•‡∏¥‡∏Å üëâhttps://youtu.be/PQb6ELw5u2M
07/10/2022:13:31:09,2.1-‡∏°‡∏≤‡∏ï‡∏£‡∏ê‡∏≤‡∏ô‡∏Å‡∏≤‡∏£‡∏®‡∏∂‡∏Å‡∏©‡∏≤‡∏Ç‡∏±‡πâ‡∏ô‡∏û‡∏∑‡πâ‡∏ô‡∏ê‡∏≤‡∏ô‡πÑ‡∏°‡πà‡∏Ç‡∏∂‡πâ‡∏ô,2.1-‡∏°‡∏≤‡∏ï‡∏£‡∏ê‡∏≤‡∏ô‡∏Å‡∏≤‡∏£‡∏®‡∏∂‡∏Å‡∏©‡∏≤‡∏Ç‡∏±‡πâ‡∏ô‡∏û‡∏∑‡πâ‡∏ô‡∏ê‡∏≤‡∏ô‡πÑ‡∏°‡πà‡∏Ç‡∏∂‡πâ‡∏ô,93.0%,‡∏´‡∏≤‡∏Å‡∏Ç‡πâ‡∏≠‡∏°‡∏π‡∏•‡∏°‡∏≤‡∏ï‡∏£‡∏ê‡∏≤‡∏ô‡πÉ‡∏î‡πÑ‡∏°‡πà‡∏Ç‡∏∂‡πâ‡∏ô ‡πÄ‡∏ö‡∏∑‡πâ‡∏≠‡∏á‡∏ï‡πâ‡∏ô‡πÉ‡∏´‡πâ‡∏ï‡∏£‡∏ß‡∏à‡∏™‡∏≠‡∏ö‡∏Å‡∏≤‡∏£‡∏ö‡∏±‡∏ô‡∏ó‡∏∂‡∏Å‡∏Ç‡πâ‡∏≠‡∏°‡∏π‡∏•‡πÉ‡∏ô‡∏Ç‡∏±‡πâ‡∏ô‡∏ó‡∏µ‡πà 1 ‡πÄ‡∏£‡∏µ‡∏¢‡∏ö‡∏£‡πâ‡∏≠‡∏¢‡πÅ‡∏•‡πâ‡∏ß‡∏´‡∏£‡∏∑‡∏≠‡πÑ‡∏°‡πà ‡πÄ‡∏°‡∏∑‡πà‡∏≠‡∏ö‡∏±‡∏ô‡∏ó‡∏∂‡∏Å‡∏Ç‡πâ‡∏≠‡∏°‡∏π‡∏•‡πÉ‡∏ô‡∏Ç‡∏±‡πâ‡∏ô‡∏ó‡∏µ‡πà 1 ‡πÄ‡∏£‡∏µ‡∏¢‡∏ö‡∏£‡πâ‡∏≠‡∏¢‡πÅ‡∏•‡πâ‡∏ß‡πÅ‡∏•‡∏∞‡∏ú‡∏π‡πâ‡∏ö‡∏£‡∏¥‡∏´‡∏≤‡∏£‡∏™‡∏ñ‡∏≤‡∏ô‡∏®‡∏∂‡∏Å‡∏©‡∏≤‡∏£‡∏±‡∏ö‡∏£‡∏≠‡∏á‡∏Ç‡πâ‡∏≠‡∏°‡∏π‡∏•‡πÅ‡∏•‡πâ‡∏ß ‡∏™‡∏ñ‡∏≤‡∏ô‡∏∞‡πÉ‡∏ô‡∏Ç‡∏±‡πâ‡∏ô‡∏ó‡∏µ‡πà 1 ‡πÄ‡∏õ‡∏•‡∏µ‡πà‡∏¢‡∏ô‡πÄ‡∏õ‡πá‡∏ô "‡∏™‡πà‡∏ß‡∏ô‡∏Å‡∏•‡∏≤‡∏á‡πÑ‡∏î‡πâ‡∏£‡∏±‡∏ö‡∏Ç‡πâ‡∏≠‡∏°‡∏π‡∏•‡πÅ‡∏•‡πâ‡∏ß" ‡∏ó‡πà‡∏≤‡∏ô‡∏à‡∏∞‡∏™‡∏≤‡∏°‡∏≤‡∏£‡∏ñ‡∏ö‡∏±‡∏ô‡∏ó‡∏∂‡∏Å‡∏Ç‡πâ‡∏≠‡∏°‡∏π‡∏•‡πÉ‡∏ô‡∏Ç‡∏±‡πâ‡∏ô‡∏ó‡∏µ‡πà 2.1 ‡πÑ‡∏î‡πâ 
07/10/2022:13:31:12,2.1-‡∏°‡∏≤‡∏ï‡∏£‡∏ê‡∏≤‡∏ô‡∏Å‡∏≤‡∏£‡∏®‡∏∂‡∏Å‡∏©‡∏≤‡∏Ç‡∏±‡πâ‡∏ô‡∏û‡∏∑‡πâ‡∏ô‡∏ê‡∏≤‡∏ô‡πÑ‡∏°‡πà‡∏Ç‡∏∂‡πâ‡∏ô,2.1-‡∏°‡∏≤‡∏ï‡∏£‡∏ê‡∏≤‡∏ô‡∏Å‡∏≤‡∏£‡∏®‡∏∂‡∏Å‡∏©‡∏≤‡∏Ç‡∏±‡πâ‡∏ô‡∏û‡∏∑‡πâ‡∏ô‡∏ê‡∏≤‡∏ô‡πÑ‡∏°‡πà‡∏Ç‡∏∂‡πâ‡∏ô,93.0%,‡∏´‡∏≤‡∏Å‡∏Ç‡πâ‡∏≠‡∏°‡∏π‡∏•‡∏°‡∏≤‡∏ï‡∏£‡∏ê‡∏≤‡∏ô‡πÉ‡∏î‡πÑ‡∏°‡πà‡∏Ç‡∏∂‡πâ‡∏ô ‡πÄ‡∏ö‡∏∑‡πâ‡∏≠‡∏á‡∏ï‡πâ‡∏ô‡πÉ‡∏´‡πâ‡∏ï‡∏£‡∏ß‡∏à‡∏™‡∏≠‡∏ö‡∏Å‡∏≤‡∏£‡∏ö‡∏±‡∏ô‡∏ó‡∏∂‡∏Å‡∏Ç‡πâ‡∏≠‡∏°‡∏π‡∏•‡πÉ‡∏ô‡∏Ç‡∏±‡πâ‡∏ô‡∏ó‡∏µ‡πà 1 ‡πÄ‡∏£‡∏µ‡∏¢‡∏ö‡∏£‡πâ‡∏≠‡∏¢‡πÅ‡∏•‡πâ‡∏ß‡∏´‡∏£‡∏∑‡∏≠‡πÑ‡∏°‡πà ‡πÄ‡∏°‡∏∑‡πà‡∏≠‡∏ö‡∏±‡∏ô‡∏ó‡∏∂‡∏Å‡∏Ç‡πâ‡∏≠‡∏°‡∏π‡∏•‡πÉ‡∏ô‡∏Ç‡∏±‡πâ‡∏ô‡∏ó‡∏µ‡πà 1 ‡πÄ‡∏£‡∏µ‡∏¢‡∏ö‡∏£‡πâ‡∏≠‡∏¢‡πÅ‡∏•‡πâ‡∏ß‡πÅ‡∏•‡∏∞‡∏ú‡∏π‡πâ‡∏ö‡∏£‡∏¥‡∏´‡∏≤‡∏£‡∏™‡∏ñ‡∏≤‡∏ô‡∏®‡∏∂‡∏Å‡∏©‡∏≤‡∏£‡∏±‡∏ö‡∏£‡∏≠‡∏á‡∏Ç‡πâ‡∏≠‡∏°‡∏π‡∏•‡πÅ‡∏•‡πâ‡∏ß ‡∏™‡∏ñ‡∏≤‡∏ô‡∏∞‡πÉ‡∏ô‡∏Ç‡∏±‡πâ‡∏ô‡∏ó‡∏µ‡πà 1 ‡πÄ‡∏õ‡∏•‡∏µ‡πà‡∏¢‡∏ô‡πÄ‡∏õ‡πá‡∏ô "‡∏™‡πà‡∏ß‡∏ô‡∏Å‡∏•‡∏≤‡∏á‡πÑ‡∏î‡πâ‡∏£‡∏±‡∏ö‡∏Ç‡πâ‡∏≠‡∏°‡∏π‡∏•‡πÅ‡∏•‡πâ‡∏ß" ‡∏ó‡πà‡∏≤‡∏ô‡∏à‡∏∞‡∏™‡∏≤‡∏°‡∏≤‡∏£‡∏ñ‡∏ö‡∏±‡∏ô‡∏ó‡∏∂‡∏Å‡∏Ç‡πâ‡∏≠‡∏°‡∏π‡∏•‡πÉ‡∏ô‡∏Ç‡∏±‡πâ‡∏ô‡∏ó‡∏µ‡πà 2.1 ‡πÑ‡∏î‡πâ 
07/10/2022:14:05:26,‡∏°‡∏≤‡∏ï‡∏ê‡∏≤‡∏ô,False,17.0%,‡πÑ‡∏°‡πà‡πÄ‡∏Ç‡πâ‡∏≤‡πÉ‡∏à‡∏Ñ‡∏≥‡∏ñ‡∏≤‡∏°‡∏Ñ‡πà‡∏∞ ‡∏Å‡∏£‡∏∏‡∏ì‡∏≤‡∏ñ‡∏≤‡∏°‡πÉ‡∏´‡∏°‡πà‡∏≠‡∏µ‡∏Å‡∏ó‡∏µ‡∏´‡∏£‡∏∑‡∏≠‡∏ï‡∏¥‡∏î‡∏ï‡πà‡∏≠‡πÄ‡∏à‡πâ‡∏≤‡∏´‡∏ô‡πâ‡∏≤‡∏ó‡∏µ‡πà‡∏ô‡∏∞‡∏Ñ‡∏∞
07/10/2022:14:05:37,‡∏Ç‡∏±‡πâ‡∏ô‡πÅ‡∏£‡∏Å‡∏Å‡∏≥‡∏´‡∏ô‡∏î‡∏°‡∏≤‡∏ï‡∏£‡∏ê‡∏≤‡∏ô‡∏¢‡∏±‡∏á‡∏á‡∏±‡∏¢,1-‡∏Å‡∏≥‡∏´‡∏ô‡∏î‡∏°‡∏≤‡∏ï‡∏£‡∏ê‡∏≤‡∏ô,99.0%,‡∏ß‡∏¥‡∏ò‡∏µ‡∏Å‡∏≤‡∏£‡πÉ‡∏™‡πà‡∏Ç‡πâ‡∏≠‡∏°‡∏π‡∏•‡∏Ç‡∏±‡πâ‡∏ô‡∏ó‡∏µ‡πà 1 ‡∏Å‡∏≥‡∏´‡∏ô‡∏î‡∏°‡∏≤‡∏ï‡∏£‡∏ê‡∏≤‡∏ô‡∏Ø ‡∏´‡∏≤‡∏Å‡πÄ‡∏Ç‡πâ‡∏≤‡∏°‡∏≤‡∏Ñ‡∏£‡∏±‡πâ‡∏á‡πÅ‡∏£‡∏Å‡πÉ‡∏´‡πâ‡∏Ñ‡∏•‡∏¥‡∏Å‡∏õ‡∏∏‡πà‡∏°‡πÄ‡∏û‡∏¥‡πà‡∏°‡∏°‡∏≤‡∏ï‡∏£‡∏ê‡∏≤‡∏ô ‡∏°‡∏∏‡∏°‡∏ö‡∏ô‡∏Ç‡∏ß‡∏≤‡∏°‡∏∑‡∏≠ ‡∏™‡∏≤‡∏°‡∏≤‡∏£‡∏ñ‡∏î‡∏π‡∏ß‡∏¥‡∏ò‡∏µ‡∏Å‡∏≤‡∏£‡πÅ‡∏ö‡∏ö VDO ‡πÑ‡∏î‡πâ‡∏ú‡πà‡∏≤‡∏ôlink ‡∏ô‡∏µ‡πâ üëâhttps://youtu.be/1Ii49Vr8ssA
07/10/2022:14:05:59,‡∏Å‡∏≥‡∏´‡∏ô‡∏î‡∏°‡∏≤‡∏ï‡∏£‡∏ê‡∏≤‡∏ô‡∏¢‡∏±‡∏á‡∏á‡∏±‡∏¢,1-‡∏Å‡∏≥‡∏´‡∏ô‡∏î‡∏°‡∏≤‡∏ï‡∏£‡∏ê‡∏≤‡∏ô,99.0%,‡∏ß‡∏¥‡∏ò‡∏µ‡∏Å‡∏≤‡∏£‡πÉ‡∏™‡πà‡∏Ç‡πâ‡∏≠‡∏°‡∏π‡∏•‡∏Ç‡∏±‡πâ‡∏ô‡∏ó‡∏µ‡πà 1 ‡∏Å‡∏≥‡∏´‡∏ô‡∏î‡∏°‡∏≤‡∏ï‡∏£‡∏ê‡∏≤‡∏ô‡∏Ø ‡∏´‡∏≤‡∏Å‡πÄ‡∏Ç‡πâ‡∏≤‡∏°‡∏≤‡∏Ñ‡∏£‡∏±‡πâ‡∏á‡πÅ‡∏£‡∏Å‡πÉ‡∏´‡πâ‡∏Ñ‡∏•‡∏¥‡∏Å‡∏õ‡∏∏‡πà‡∏°‡πÄ‡∏û‡∏¥‡πà‡∏°‡∏°‡∏≤‡∏ï‡∏£‡∏ê‡∏≤‡∏ô ‡∏°‡∏∏‡∏°‡∏ö‡∏ô‡∏Ç‡∏ß‡∏≤‡∏°‡∏∑‡∏≠ ‡∏™‡∏≤‡∏°‡∏≤‡∏£‡∏ñ‡∏î‡∏π‡∏ß‡∏¥‡∏ò‡∏µ‡∏Å‡∏≤‡∏£‡πÅ‡∏ö‡∏ö VDO ‡πÑ‡∏î‡πâ‡∏ú‡πà‡∏≤‡∏ôlink ‡∏ô‡∏µ‡πâ üëâhttps://youtu.be/1Ii49Vr8ssA
07/10/2022:14:06:03,‡∏°‡∏≤‡∏ï‡∏£‡∏ê‡∏≤‡∏ô,False,58.0%,‡πÑ‡∏°‡πà‡πÄ‡∏Ç‡πâ‡∏≤‡πÉ‡∏à‡∏Ñ‡∏≥‡∏ñ‡∏≤‡∏°‡∏Ñ‡πà‡∏∞ ‡∏Å‡∏£‡∏∏‡∏ì‡∏≤‡∏ñ‡∏≤‡∏°‡πÉ‡∏´‡∏°‡πà‡∏≠‡∏µ‡∏Å‡∏ó‡∏µ‡∏´‡∏£‡∏∑‡∏≠‡∏ï‡∏¥‡∏î‡∏ï‡πà‡∏≠‡πÄ‡∏à‡πâ‡∏≤‡∏´‡∏ô‡πâ‡∏≤‡∏ó‡∏µ‡πà‡∏ô‡∏∞‡∏Ñ‡∏∞
10/10/2022:12:36:45,‡∏Å‡∏≥‡∏´‡∏ô‡∏î‡∏°‡∏≤‡∏ï‡∏£‡∏ê‡∏≤‡∏ô,1-‡∏Å‡∏≥‡∏´‡∏ô‡∏î‡∏°‡∏≤‡∏ï‡∏£‡∏ê‡∏≤‡∏ô,99.0%,‡∏ß‡∏¥‡∏ò‡∏µ‡∏Å‡∏≤‡∏£‡πÉ‡∏™‡πà‡∏Ç‡πâ‡∏≠‡∏°‡∏π‡∏•‡∏Ç‡∏±‡πâ‡∏ô‡∏ó‡∏µ‡πà 1 ‡∏Å‡∏≥‡∏´‡∏ô‡∏î‡∏°‡∏≤‡∏ï‡∏£‡∏ê‡∏≤‡∏ô‡∏Ø ‡∏´‡∏≤‡∏Å‡πÄ‡∏Ç‡πâ‡∏≤‡∏°‡∏≤‡∏Ñ‡∏£‡∏±‡πâ‡∏á‡πÅ‡∏£‡∏Å‡πÉ‡∏´‡πâ‡∏Ñ‡∏•‡∏¥‡∏Å‡∏õ‡∏∏‡πà‡∏°‡πÄ‡∏û‡∏¥‡πà‡∏°‡∏°‡∏≤‡∏ï‡∏£‡∏ê‡∏≤‡∏ô ‡∏°‡∏∏‡∏°‡∏ö‡∏ô‡∏Ç‡∏ß‡∏≤‡∏°‡∏∑‡∏≠ ‡∏™‡∏≤‡∏°‡∏≤‡∏£‡∏ñ‡∏î‡∏π‡∏ß‡∏¥‡∏ò‡∏µ‡∏Å‡∏≤‡∏£‡πÅ‡∏ö‡∏ö VDO ‡πÑ‡∏î‡πâ‡∏ú‡πà‡∏≤‡∏ôlink ‡∏ô‡∏µ‡πâ üëâhttps://youtu.be/1Ii49Vr8ssA
11/10/2022:00:20:06,‡∏ß‡∏¥‡∏ò‡∏µ‡∏Å‡∏≤‡∏£‡πÉ‡∏™‡πà‡∏Ç‡πâ‡∏≠‡∏°‡∏π‡∏• ‡∏Ç‡∏±‡πâ‡∏ô‡∏ó‡∏µ‡πà1,1-‡∏Å‡∏≥‡∏´‡∏ô‡∏î‡∏°‡∏≤‡∏ï‡∏£‡∏ê‡∏≤‡∏ô,99.0%,‡∏ß‡∏¥‡∏ò‡∏µ‡∏Å‡∏≤‡∏£‡πÉ‡∏™‡πà‡∏Ç‡πâ‡∏≠‡∏°‡∏π‡∏•‡∏Ç‡∏±‡πâ‡∏ô‡∏ó‡∏µ‡πà 1 ‡∏Å‡∏≥‡∏´‡∏ô‡∏î‡∏°‡∏≤‡∏ï‡∏£‡∏ê‡∏≤‡∏ô‡∏Ø ‡∏´‡∏≤‡∏Å‡πÄ‡∏Ç‡πâ‡∏≤‡∏°‡∏≤‡∏Ñ‡∏£‡∏±‡πâ‡∏á‡πÅ‡∏£‡∏Å‡πÉ‡∏´‡πâ‡∏Ñ‡∏•‡∏¥‡∏Å‡∏õ‡∏∏‡πà‡∏°‡πÄ‡∏û‡∏¥‡πà‡∏°‡∏°‡∏≤‡∏ï‡∏£‡∏ê‡∏≤‡∏ô ‡∏°‡∏∏‡∏°‡∏ö‡∏ô‡∏Ç‡∏ß‡∏≤‡∏°‡∏∑‡∏≠ ‡∏™‡∏≤‡∏°‡∏≤‡∏£‡∏ñ‡∏î‡∏π‡∏ß‡∏¥‡∏ò‡∏µ‡∏Å‡∏≤‡∏£‡πÅ‡∏ö‡∏ö VDO ‡πÑ‡∏î‡πâ‡∏ú‡πà‡∏≤‡∏ôlink ‡∏ô‡∏µ‡πâ üëâhttps://youtu.be/1Ii49Vr8ssA
11/10/2022:00:20:22,‡πÄ‡∏û‡∏¥‡πà‡∏°‡∏°‡∏≤‡∏ï‡∏£‡∏ê‡∏≤‡∏ô‡∏ó‡∏≥‡∏≠‡∏¢‡πà‡∏≤‡∏á‡πÑ‡∏£ ‡∏Ç‡∏±‡πâ‡∏ô‡∏ï‡∏≠‡∏ô‡∏ó‡∏µ‡πà 1,1-‡πÄ‡∏û‡∏¥‡πà‡∏°‡∏°‡∏≤‡∏ï‡∏£‡∏ê‡∏≤‡∏ô,83.0%,‡∏ß‡∏¥‡∏ò‡∏µ‡∏Å‡∏≤‡∏£‡πÄ‡∏û‡∏¥‡πà‡∏°‡∏°‡∏≤‡∏ï‡∏£‡∏ê‡∏≤‡∏ô‡πÉ‡∏´‡πâ‡∏Ñ‡∏•‡∏¥‡∏Å‡∏õ‡∏∏‡πà‡∏° "‡πÄ‡∏û‡∏¥‡πà‡∏°‡∏°‡∏≤‡∏ï‡∏£‡∏ê‡∏≤‡∏ô" ‡∏°‡∏∏‡∏°‡∏ö‡∏ô‡∏Ç‡∏ß‡∏≤‡∏°‡∏∑‡∏≠ ‡∏™‡∏≤‡∏°‡∏≤‡∏£‡∏ñ‡∏î‡∏π‡∏ß‡∏¥‡∏ò‡∏µ‡∏Å‡∏≤‡∏£‡πÅ‡∏ö‡∏ö VDO ‡πÑ‡∏î‡πâ‡∏ú‡πà‡∏≤‡∏ôlink ‡∏ô‡∏µ‡πâ üëâhttps://youtu.be/1Ii49Vr8ssA
11/10/2022:12:56:50,‡∏Å‡∏≤‡∏£‡∏Å‡∏≥‡∏´‡∏ô‡∏î‡∏°‡∏≤‡∏ï‡∏ê‡∏≤‡∏ô,False,37.0%,‡πÑ‡∏°‡πà‡πÄ‡∏Ç‡πâ‡∏≤‡πÉ‡∏à‡∏Ñ‡∏≥‡∏ñ‡∏≤‡∏°‡∏Ñ‡πà‡∏∞ ‡∏Å‡∏£‡∏∏‡∏ì‡∏≤‡∏ñ‡∏≤‡∏°‡πÉ‡∏´‡∏°‡πà‡∏≠‡∏µ‡∏Å‡∏ó‡∏µ‡∏´‡∏£‡∏∑‡∏≠‡∏ï‡∏¥‡∏î‡∏ï‡πà‡∏≠‡πÄ‡∏à‡πâ‡∏≤‡∏´‡∏ô‡πâ‡∏≤‡∏ó‡∏µ‡πà‡∏ô‡∏∞‡∏Ñ‡∏∞
11/10/2022:13:15:04,‡∏ß‡∏¥‡∏ò‡∏µ‡∏Å‡∏≤‡∏£‡πÉ‡∏™‡πà‡∏Ç‡πâ‡∏≠‡∏°‡∏π‡∏•,1-‡∏Å‡∏≥‡∏´‡∏ô‡∏î‡∏°‡∏≤‡∏ï‡∏£‡∏ê‡∏≤‡∏ô,99.0%,‡∏ß‡∏¥‡∏ò‡∏µ‡∏Å‡∏≤‡∏£‡πÉ‡∏™‡πà‡∏Ç‡πâ‡∏≠‡∏°‡∏π‡∏•‡∏Ç‡∏±‡πâ‡∏ô‡∏ó‡∏µ‡πà 1 ‡∏Å‡∏≥‡∏´‡∏ô‡∏î‡∏°‡∏≤‡∏ï‡∏£‡∏ê‡∏≤‡∏ô‡∏Ø ‡∏´‡∏≤‡∏Å‡πÄ‡∏Ç‡πâ‡∏≤‡∏°‡∏≤‡∏Ñ‡∏£‡∏±‡πâ‡∏á‡πÅ‡∏£‡∏Å‡πÉ‡∏´‡πâ‡∏Ñ‡∏•‡∏¥‡∏Å‡∏õ‡∏∏‡πà‡∏°‡πÄ‡∏û‡∏¥‡πà‡∏°‡∏°‡∏≤‡∏ï‡∏£‡∏ê‡∏≤‡∏ô ‡∏°‡∏∏‡∏°‡∏ö‡∏ô‡∏Ç‡∏ß‡∏≤‡∏°‡∏∑‡∏≠ ‡∏™‡∏≤‡∏°‡∏≤‡∏£‡∏ñ‡∏î‡∏π‡∏ß‡∏¥‡∏ò‡∏µ‡∏Å‡∏≤‡∏£‡πÅ‡∏ö‡∏ö VDO ‡πÑ‡∏î‡πâ‡∏ú‡πà‡∏≤‡∏ôlink ‡∏ô‡∏µ‡πâ üëâhttps://youtu.be/1Ii49Vr8ssA
11/10/2022:13:15:18,‡∏õ‡∏•‡∏î‡∏•‡πá‡∏≠‡∏Å‡∏Ç‡πâ‡∏≠‡∏°‡∏π‡∏•‡∏•,False,51.0%,‡πÑ‡∏°‡πà‡πÄ‡∏Ç‡πâ‡∏≤‡πÉ‡∏à‡∏Ñ‡∏≥‡∏ñ‡∏≤‡∏°‡∏Ñ‡πà‡∏∞ ‡∏Å‡∏£‡∏∏‡∏ì‡∏≤‡∏ñ‡∏≤‡∏°‡πÉ‡∏´‡∏°‡πà‡∏≠‡∏µ‡∏Å‡∏ó‡∏µ‡∏´‡∏£‡∏∑‡∏≠‡∏ï‡∏¥‡∏î‡∏ï‡πà‡∏≠‡πÄ‡∏à‡πâ‡∏≤‡∏´‡∏ô‡πâ‡∏≤‡∏ó‡∏µ‡πà‡∏ô‡∏∞‡∏Ñ‡∏∞
11/10/2022:13:15:22,‡∏õ‡∏•‡∏î‡∏•‡πá‡∏≠‡∏Å‡∏Ç‡πâ‡∏≠‡∏°‡∏π‡∏•,2.1-‡∏õ‡∏•‡∏î‡∏•‡πá‡∏≠‡∏Å,73.0%,‡∏Å‡∏£‡∏ì‡∏µ‡πÇ‡∏£‡∏á‡πÄ‡∏£‡∏µ‡∏¢‡∏ô‡∏ï‡πâ‡∏≠‡∏á‡∏Å‡∏≤‡∏£‡πÅ‡∏Å‡πâ‡πÑ‡∏Ç‡∏´‡∏•‡∏±‡∏á‡∏™‡πà‡∏ß‡∏ô‡∏Å‡∏•‡∏≤‡∏á‡πÑ‡∏î‡πâ‡∏£‡∏±‡∏ö‡∏Ç‡πâ‡∏≠‡∏°‡∏π‡∏•‡πÅ‡∏•‡πâ‡∏ß ‡∏ó‡πà‡∏≤‡∏ô‡∏™‡∏≤‡∏°‡∏≤‡∏£‡∏ñ‡∏õ‡∏•‡∏î‡∏•‡πá‡∏≠‡∏Å‡∏Å‡∏≤‡∏£‡πÅ‡∏Å‡πâ‡πÑ‡∏Ç‡∏Ç‡πâ‡∏≠‡∏°‡∏π‡∏•‡πÇ‡∏î‡∏¢ ‡∏Ñ‡∏•‡∏¥‡∏Å‡∏õ‡∏∏‡πà‡∏° "‡∏Ç‡∏≠‡∏™‡πà‡∏á‡∏Ñ‡∏∑‡∏ô‡πÄ‡∏û‡∏∑‡πà‡∏≠‡πÅ‡∏Å‡πâ‡πÑ‡∏Ç" ‡πÄ‡∏°‡∏∑‡πà‡∏≠‡πÅ‡∏Å‡πâ‡πÑ‡∏Ç‡∏Ç‡πâ‡∏≠‡∏°‡∏π‡∏•‡πÄ‡∏£‡∏µ‡∏¢‡∏ö‡∏£‡πâ‡∏≠‡∏¢‡πÅ‡∏•‡πâ‡∏ß ‡∏ï‡∏£‡∏ß‡∏à‡∏™‡∏≠‡∏ö‡∏Ç‡πâ‡∏≠‡∏°‡∏π‡∏•‡∏≠‡∏µ‡∏Å‡∏Ñ‡∏£‡∏±‡πâ‡∏á‡πÅ‡∏•‡∏∞‡∏Ñ‡∏•‡∏¥‡∏Å‡∏õ‡∏∏‡πà‡∏° "‡∏™‡πà‡∏á‡∏ú‡∏π‡πâ‡∏ö‡∏£‡∏¥‡∏´‡∏≤‡∏£‡πÇ‡∏£‡∏á‡πÄ‡∏£‡∏µ‡∏¢‡∏ô‡∏£‡∏±‡∏ö‡∏£‡∏≠‡∏á" ‡πÉ‡∏ô‡πÅ‡∏ó‡∏õ‡∏ó‡∏µ‡πà 5 ‡∏™‡∏£‡∏∏‡∏õ‡πÅ‡∏ú‡∏ô ‡πÄ‡∏°‡∏∑‡πà‡∏≠‡∏ú‡∏π‡πâ‡∏ö‡∏£‡∏¥‡∏´‡∏≤‡∏£‡πÇ‡∏£‡∏á‡πÄ‡∏£‡∏µ‡∏¢‡∏ô‡∏£‡∏±‡∏ö‡∏£‡∏≠‡∏á‡∏Ç‡πâ‡∏≠‡∏°‡∏π‡∏• ‡∏Å‡∏≤‡∏£‡πÅ‡∏Å‡πâ‡πÑ‡∏Ç‡∏à‡∏∂‡∏á‡∏à‡∏∞‡πÄ‡∏™‡∏£‡πá‡∏à‡∏™‡∏¥‡πâ‡∏ô‡∏™‡∏°‡∏ö‡∏π‡∏£‡∏ì‡πå
11/10/2022:13:15:59,‡πÄ‡∏ã‡∏ü‡∏Ç‡πâ‡∏≠‡∏°‡∏π‡∏•‡∏¢‡∏±‡∏á‡πÑ‡∏á,‡∏Å‡∏≤‡∏£‡∏ö‡∏±‡∏ô‡∏ó‡∏∂‡∏Å,88.0%,‡∏Ç‡∏±‡πâ‡∏ô‡∏ï‡∏≠‡∏ô‡∏ó‡∏µ‡πà‡πÄ‡∏ó‡πà‡∏≤‡πÑ‡∏´‡∏£‡πà‡∏´‡∏£‡∏≠‡∏Ñ‡∏∞
11/10/2022:13:16:20,‡πÄ‡∏ã‡∏ü‡∏Ç‡πâ‡∏≠‡∏°‡∏π‡∏•‡∏¢‡∏±‡∏á‡πÑ‡∏á‡∏Ç‡∏±‡πâ‡∏ô‡∏ó‡∏µ‡πà 3 / 3 / ‡∏Ç‡∏±‡πâ‡∏ô‡∏ï‡∏≠‡∏ô‡∏ó‡∏µ‡πà 3,3-‡∏Å‡∏≤‡∏£‡∏ö‡∏±‡∏ô‡∏ó‡∏∂‡∏Å‡∏Ç‡πâ‡∏≠‡∏°‡∏π‡∏•,90.0%,‡∏ó‡πà‡∏≤‡∏ô‡∏™‡∏≤‡∏°‡∏≤‡∏£‡∏ñ‡∏®‡∏∂‡∏Å‡∏©‡∏≤‡πÅ‡∏•‡∏∞‡∏ó‡∏≥‡∏ï‡∏≤‡∏°VDO ‡∏ô‡∏µ‡πâ‡πÑ‡∏î‡πâ‡πÄ‡∏•‡∏¢‡∏Ñ‡πà‡∏∞ ‡∏≠‡∏ò‡∏¥‡∏ö‡∏≤‡∏¢‡∏Å‡∏≤‡∏£‡∏ö‡∏±‡∏ô‡∏ó‡∏∂‡∏Å‡∏Ç‡πâ‡∏≠‡∏°‡∏π‡∏• ‡∏Ç‡∏±‡πâ‡∏ô‡∏ó‡∏µ‡πà 3 ‡∏Å‡∏≤‡∏£‡∏î‡∏≥‡πÄ‡∏ô‡∏¥‡∏ô‡∏Å‡∏≤‡∏£‡∏ï‡∏≤‡∏°‡πÅ‡∏ú‡∏ô ‡∏Ñ‡∏•‡∏¥‡∏Åüëâhttps://drive.google.com/file/d/1rhLErfzSS-zEpm7wBU7J7NOJaNP3JtbE/view?usp=sharing
11/10/2022:13:25:45,‡πÄ‡∏ã‡∏ü‡∏Ç‡πâ‡∏≠‡∏°‡∏π‡∏•‡∏¢‡∏±‡∏á‡πÑ‡∏á,‡∏Å‡∏≤‡∏£‡∏ö‡∏±‡∏ô‡∏ó‡∏∂‡∏Å,88.0%,‡∏Ç‡∏±‡πâ‡∏ô‡∏ï‡∏≠‡∏ô‡∏ó‡∏µ‡πà‡πÄ‡∏ó‡πà‡∏≤‡πÑ‡∏£‡∏Ñ‡∏∞
11/10/2022:13:25:49,‡πÄ‡∏ã‡∏ü‡∏Ç‡πâ‡∏≠‡∏°‡∏π‡∏•‡∏¢‡∏±‡∏á‡πÑ‡∏á‡∏Ç‡∏±‡πâ‡∏ô3,3-‡∏Å‡∏≤‡∏£‡∏ö‡∏±‡∏ô‡∏ó‡∏∂‡∏Å‡∏Ç‡πâ‡∏≠‡∏°‡∏π‡∏•,95.0%,‡∏ó‡πà‡∏≤‡∏ô‡∏™‡∏≤‡∏°‡∏≤‡∏£‡∏ñ‡∏®‡∏∂‡∏Å‡∏©‡∏≤‡πÅ‡∏•‡∏∞‡∏ó‡∏≥‡∏ï‡∏≤‡∏°VDO ‡∏ô‡∏µ‡πâ‡πÑ‡∏î‡πâ‡πÄ‡∏•‡∏¢‡∏Ñ‡πà‡∏∞ ‡∏≠‡∏ò‡∏¥‡∏ö‡∏≤‡∏¢‡∏Å‡∏≤‡∏£‡∏ö‡∏±‡∏ô‡∏ó‡∏∂‡∏Å‡∏Ç‡πâ‡∏≠‡∏°‡∏π‡∏• ‡∏Ç‡∏±‡πâ‡∏ô‡∏ó‡∏µ‡πà 3 ‡∏Å‡∏≤‡∏£‡∏î‡∏≥‡πÄ‡∏ô‡∏¥‡∏ô‡∏Å‡∏≤‡∏£‡∏ï‡∏≤‡∏°‡πÅ‡∏ú‡∏ô ‡∏Ñ‡∏•‡∏¥‡∏Åüëâhttps://drive.google.com/file/d/1rhLErfzSS-zEpm7wBU7J7NOJaNP3JtbE/view?usp=sharing
11/10/2022:13:35:10,‡∏ó‡∏±‡∏Å,False,41.0%,‡πÑ‡∏°‡πà‡πÄ‡∏Ç‡πâ‡∏≤‡πÉ‡∏à‡∏Ñ‡∏≥‡∏ñ‡∏≤‡∏°‡∏Ñ‡πà‡∏∞ ‡∏Å‡∏£‡∏∏‡∏ì‡∏≤‡∏ñ‡∏≤‡∏°‡πÉ‡∏´‡∏°‡πà‡∏≠‡∏µ‡∏Å‡∏ó‡∏µ‡∏´‡∏£‡∏∑‡∏≠‡∏ï‡∏¥‡∏î‡∏ï‡πà‡∏≠‡πÄ‡∏à‡πâ‡∏≤‡∏´‡∏ô‡πâ‡∏≤‡∏ó‡∏µ‡πà‡∏Ñ‡πâ‡∏∞
11/10/2022:13:35:25,‡∏Å‡∏≥‡∏´‡∏ô‡∏î‡∏°‡∏≤‡∏ï‡∏£‡∏ê‡∏≤‡∏ô,1-‡∏Å‡∏≥‡∏´‡∏ô‡∏î‡∏°‡∏≤‡∏ï‡∏£‡∏ê‡∏≤‡∏ô,99.0%,‡∏ß‡∏¥‡∏ò‡∏µ‡∏Å‡∏≤‡∏£‡πÉ‡∏™‡πà‡∏Ç‡πâ‡∏≠‡∏°‡∏π‡∏•‡∏Ç‡∏±‡πâ‡∏ô‡∏ó‡∏µ‡πà 1 ‡∏Å‡∏≥‡∏´‡∏ô‡∏î‡∏°‡∏≤‡∏ï‡∏£‡∏ê‡∏≤‡∏ô‡∏Ø ‡∏´‡∏≤‡∏Å‡πÄ‡∏Ç‡πâ‡∏≤‡∏°‡∏≤‡∏Ñ‡∏£‡∏±‡πâ‡∏á‡πÅ‡∏£‡∏Å‡πÉ‡∏´‡πâ‡∏Ñ‡∏•‡∏¥‡∏Å‡∏õ‡∏∏‡πà‡∏°‡πÄ‡∏û‡∏¥‡πà‡∏°‡∏°‡∏≤‡∏ï‡∏£‡∏ê‡∏≤‡∏ô ‡∏°‡∏∏‡∏°‡∏ö‡∏ô‡∏Ç‡∏ß‡∏≤‡∏°‡∏∑‡∏≠ ‡∏™‡∏≤‡∏°‡∏≤‡∏£‡∏ñ‡∏î‡∏π‡∏ß‡∏¥‡∏ò‡∏µ‡∏Å‡∏≤‡∏£‡πÅ‡∏ö‡∏ö VDO ‡πÑ‡∏î‡πâ‡∏ú‡πà‡∏≤‡∏ôlink ‡∏ô‡∏µ‡πâ üëâhttps://youtu.be/1Ii49Vr8ssA
11/10/2022:13:36:04,‡∏ö‡∏±‡∏ô‡∏ó‡∏∂‡∏Å,‡∏Å‡∏≤‡∏£‡∏ö‡∏±‡∏ô‡∏ó‡∏∂‡∏Å,98.0%,‡∏Ç‡∏±‡πâ‡∏ô‡∏ï‡∏≠‡∏ô‡∏ó‡∏µ‡πà‡πÄ‡∏ó‡πà‡∏≤‡πÑ‡∏£‡∏Ñ‡∏∞
11/10/2022:13:36:11,‡∏ö‡∏±‡∏ô‡∏ó‡∏∂‡∏Å‡∏Ç‡∏±‡πâ‡∏ô3,3-‡∏Å‡∏≤‡∏£‡∏ö‡∏±‡∏ô‡∏ó‡∏∂‡∏Å‡∏Ç‡πâ‡∏≠‡∏°‡∏π‡∏•,99.0%,‡∏ó‡πà‡∏≤‡∏ô‡∏™‡∏≤‡∏°‡∏≤‡∏£‡∏ñ‡∏®‡∏∂‡∏Å‡∏©‡∏≤‡πÅ‡∏•‡∏∞‡∏ó‡∏≥‡∏ï‡∏≤‡∏°VDO ‡∏ô‡∏µ‡πâ‡πÑ‡∏î‡πâ‡πÄ‡∏•‡∏¢‡∏Ñ‡πà‡∏∞ ‡∏≠‡∏ò‡∏¥‡∏ö‡∏≤‡∏¢‡∏Å‡∏≤‡∏£‡∏ö‡∏±‡∏ô‡∏ó‡∏∂‡∏Å‡∏Ç‡πâ‡∏≠‡∏°‡∏π‡∏• ‡∏Ç‡∏±‡πâ‡∏ô‡∏ó‡∏µ‡πà 3 ‡∏Å‡∏≤‡∏£‡∏î‡∏≥‡πÄ‡∏ô‡∏¥‡∏ô‡∏Å‡∏≤‡∏£‡∏ï‡∏≤‡∏°‡πÅ‡∏ú‡∏ô ‡∏Ñ‡∏•‡∏¥‡∏Åüëâhttps://drive.google.com/file/d/1rhLErfzSS-zEpm7wBU7J7NOJaNP3JtbE/view?usp=sharing
11/10/2022:13:36:40,‡∏≠‡∏±‡∏û‡πÄ‡∏≠‡∏Å‡∏™‡∏≤‡∏£ sar ‡πÄ‡∏Ç‡πâ‡∏≤‡∏£‡∏∞‡∏ö‡∏ö‡∏ï‡∏£‡∏á‡πÑ‡∏´‡∏ô ‡∏Ç‡∏±‡πâ‡∏ô‡∏ï‡∏≠‡∏ô‡∏ó‡∏µ‡πà 6,6-‡∏≠‡∏±‡∏û‡πÇ‡∏´‡∏•‡∏î‡πÑ‡∏ü‡∏•‡πåsar,99.0%,6-‡∏≠‡∏±‡∏û‡πÇ‡∏´‡∏•‡∏î‡πÑ‡∏ü‡∏•‡πåsar
11/10/2022:13:36:53,‡∏Ç‡∏≠‡πÅ‡∏Å‡πâ‡πÑ‡∏Ç‡∏ú‡∏•‡∏Å‡∏≤‡∏£‡∏õ‡∏£‡∏∞‡πÄ‡∏°‡∏¥‡∏ô‡πÑ‡∏î‡πâ‡∏≠‡∏¢‡∏π‡πà‡πÑ‡∏´‡∏° ‡∏Ç‡∏±‡πâ‡∏ô‡∏ï‡∏≠‡∏ô‡∏ó‡∏µ‡πà 5,5-‡πÅ‡∏Å‡πâ‡πÑ‡∏Ç‡∏ú‡∏•‡∏Å‡∏≤‡∏£‡∏õ‡∏£‡∏∞‡πÄ‡∏°‡∏¥‡∏ô,99.0%,‡∏Å‡∏£‡∏ì‡∏µ‡∏ó‡∏µ‡πà‡∏ú‡∏π‡πâ‡∏ö‡∏£‡∏¥‡∏´‡∏≤‡∏£‡πÇ‡∏£‡∏á‡πÄ‡∏£‡∏µ‡∏¢‡∏ô‡∏¢‡∏±‡∏á‡πÑ‡∏°‡πà‡∏£‡∏±‡∏ö‡∏£‡∏≠‡∏á‡∏Ç‡πâ‡∏≠‡∏°‡∏π‡∏• ‡∏ú‡∏π‡πâ‡∏õ‡∏£‡∏∞‡πÄ‡∏°‡∏¥‡∏ô‡∏™‡∏≤‡∏°‡∏≤‡∏£‡∏ñ‡πÅ‡∏Å‡πâ‡πÑ‡∏Ç‡∏ú‡∏•‡∏Å‡∏≤‡∏£‡∏õ‡∏£‡∏∞‡πÄ‡∏°‡∏¥‡∏ô‡πÑ‡∏î‡πâ‡πÄ‡∏•‡∏¢‡∏Ñ‡πà‡∏∞ ‡πÅ‡∏ï‡πà‡∏´‡∏≤‡∏Å‡πÄ‡∏õ‡πá‡∏ô‡∏Å‡∏≤‡∏£‡πÅ‡∏Å‡πâ‡πÑ‡∏Ç‡∏´‡∏•‡∏±‡∏á‡∏ú‡∏π‡πâ‡∏ö‡∏£‡∏¥‡∏´‡∏≤‡∏£‡πÇ‡∏£‡∏á‡πÄ‡∏£‡∏µ‡∏¢‡∏ô‡∏£‡∏±‡∏ö‡∏£‡∏≠‡∏á‡∏Ç‡πâ‡∏≠‡∏°‡∏π‡∏•Admin ‡πÇ‡∏£‡∏á‡πÄ‡∏£‡∏µ‡∏¢‡∏ô‡∏™‡∏≤‡∏°‡∏≤‡∏£‡∏ñ‡∏õ‡∏•‡∏î‡∏•‡πá‡∏≠‡∏Å‡∏Å‡∏≤‡∏£‡πÅ‡∏Å‡πâ‡πÑ‡∏Ç ‡πÇ‡∏î‡∏¢‡πÄ‡∏Ç‡πâ‡∏≤‡πÑ‡∏õ‡∏ó‡∏µ‡πà‡πÄ‡∏°‡∏ô‡∏π 5.2 ‡πÅ‡∏•‡∏∞‡∏Ñ‡∏•‡∏¥‡∏Å‡∏™‡πà‡∏á‡∏Ñ‡∏∑‡∏ô‡πÄ‡∏û‡∏∑‡πà‡∏≠‡πÅ‡∏Å‡πâ‡πÑ‡∏Ç ‡∏ú‡∏π‡πâ‡∏õ‡∏£‡∏∞‡πÄ‡∏°‡∏¥‡∏ô‡∏à‡∏∞‡∏™‡∏≤‡∏°‡∏≤‡∏£‡∏ñ‡πÅ‡∏Å‡πâ‡πÑ‡∏Ç‡∏ú‡∏•‡∏Å‡∏≤‡∏£‡∏õ‡∏£‡∏∞‡πÄ‡∏°‡∏¥‡∏ô‡πÑ‡∏î‡πâ‡∏ó‡∏±‡∏ô‡∏ó‡∏µ ‡∏´‡∏•‡∏±‡∏á‡∏à‡∏≤‡∏Å‡πÅ‡∏Å‡πâ‡πÑ‡∏Ç‡πÅ‡∏•‡πâ‡∏ß ‡∏ï‡πâ‡∏≠‡∏á‡πÉ‡∏´‡πâ‡∏ú‡∏π‡πâ‡∏ö‡∏£‡∏¥‡∏´‡∏≤‡∏£‡πÇ‡∏£‡∏á‡πÄ‡∏£‡∏µ‡∏¢‡∏ô‡∏£‡∏±‡∏ö‡∏£‡∏≠‡∏á‡∏≠‡∏µ‡∏Å‡∏Ñ‡∏£‡∏±‡πâ‡∏á‡∏ô‡∏∞‡∏Ñ‡∏∞ 
11/10/2022:13:37:08,‡∏ö‡∏±‡∏ô‡∏ó‡∏∂‡∏Å‡∏Ç‡πâ‡∏≠‡∏°‡∏π‡∏•‡∏≠‡∏¢‡πà‡∏≤‡∏á‡πÑ‡∏£,‡∏Å‡∏≤‡∏£‡∏ö‡∏±‡∏ô‡∏ó‡∏∂‡∏Å,91.0%,‡∏Ç‡∏±‡πâ‡∏ô‡∏ï‡∏≠‡∏ô‡∏ó‡∏µ‡πà‡πÄ‡∏ó‡πà‡∏≤‡πÑ‡∏£‡∏Ñ‡∏∞
11/10/2022:13:37:21,‡∏ö‡∏±‡∏ô‡∏ó‡∏∂‡∏Å‡∏Ç‡πâ‡∏≠‡∏°‡∏π‡∏•‡∏≠‡∏¢‡πà‡∏≤‡∏á‡πÑ‡∏£‡∏Ç‡∏±‡πâ‡∏ô‡∏ó‡∏µ‡πà 2,3-‡∏Å‡∏≤‡∏£‡∏ö‡∏±‡∏ô‡∏ó‡∏∂‡∏Å‡∏Ç‡πâ‡∏≠‡∏°‡∏π‡∏•,96.0%,‡∏ó‡πà‡∏≤‡∏ô‡∏™‡∏≤‡∏°‡∏≤‡∏£‡∏ñ‡∏®‡∏∂‡∏Å‡∏©‡∏≤‡πÅ‡∏•‡∏∞‡∏ó‡∏≥‡∏ï‡∏≤‡∏°VDO ‡∏ô‡∏µ‡πâ‡πÑ‡∏î‡πâ‡πÄ‡∏•‡∏¢‡∏Ñ‡πà‡∏∞ ‡∏≠‡∏ò‡∏¥‡∏ö‡∏≤‡∏¢‡∏Å‡∏≤‡∏£‡∏ö‡∏±‡∏ô‡∏ó‡∏∂‡∏Å‡∏Ç‡πâ‡∏≠‡∏°‡∏π‡∏• ‡∏Ç‡∏±‡πâ‡∏ô‡∏ó‡∏µ‡πà 3 ‡∏Å‡∏≤‡∏£‡∏î‡∏≥‡πÄ‡∏ô‡∏¥‡∏ô‡∏Å‡∏≤‡∏£‡∏ï‡∏≤‡∏°‡πÅ‡∏ú‡∏ô ‡∏Ñ‡∏•‡∏¥‡∏Åüëâhttps://drive.google.com/file/d/1rhLErfzSS-zEpm7wBU7J7NOJaNP3JtbE/view?usp=sharing
11/10/2022:13:37:50,‡∏ö‡∏±‡∏ô‡∏ó‡∏∂‡∏Å‡∏≠‡∏¢‡πà‡∏≤‡∏á‡πÑ‡∏£,‡∏Å‡∏≤‡∏£‡∏ö‡∏±‡∏ô‡∏ó‡∏∂‡∏Å,99.0%,‡∏Ç‡∏±‡πâ‡∏ô‡∏ï‡∏≠‡∏ô‡∏ó‡∏µ‡πà‡πÄ‡∏ó‡πà‡∏≤‡πÑ‡∏£‡∏Ñ‡∏∞
11/10/2022:13:37:57,‡∏ö‡∏±‡∏ô‡∏ó‡∏∂‡∏Å‡∏≠‡∏¢‡πà‡∏≤‡∏á‡πÑ‡∏£‡∏Ç‡∏±‡πâ‡∏ô2,3-‡∏Å‡∏≤‡∏£‡∏ö‡∏±‡∏ô‡∏ó‡∏∂‡∏Å‡∏Ç‡πâ‡∏≠‡∏°‡∏π‡∏•,95.0%,‡∏ó‡πà‡∏≤‡∏ô‡∏™‡∏≤‡∏°‡∏≤‡∏£‡∏ñ‡∏®‡∏∂‡∏Å‡∏©‡∏≤‡πÅ‡∏•‡∏∞‡∏ó‡∏≥‡∏ï‡∏≤‡∏°VDO ‡∏ô‡∏µ‡πâ‡πÑ‡∏î‡πâ‡πÄ‡∏•‡∏¢‡∏Ñ‡πà‡∏∞ ‡∏≠‡∏ò‡∏¥‡∏ö‡∏≤‡∏¢‡∏Å‡∏≤‡∏£‡∏ö‡∏±‡∏ô‡∏ó‡∏∂‡∏Å‡∏Ç‡πâ‡∏≠‡∏°‡∏π‡∏• ‡∏Ç‡∏±‡πâ‡∏ô‡∏ó‡∏µ‡πà 3 ‡∏Å‡∏≤‡∏£‡∏î‡∏≥‡πÄ‡∏ô‡∏¥‡∏ô‡∏Å‡∏≤‡∏£‡∏ï‡∏≤‡∏°‡πÅ‡∏ú‡∏ô ‡∏Ñ‡∏•‡∏¥‡∏Åüëâhttps://drive.google.com/file/d/1rhLErfzSS-zEpm7wBU7J7NOJaNP3JtbE/view?usp=sharing
11/10/2022:13:38:21,‡∏ö‡∏±‡∏ô‡∏ó‡∏∂‡∏Å 2.1,False,56.0%,‡πÑ‡∏°‡πà‡πÄ‡∏Ç‡πâ‡∏≤‡πÉ‡∏à‡∏Ñ‡∏≥‡∏ñ‡∏≤‡∏°‡∏Ñ‡πà‡∏∞ ‡∏Å‡∏£‡∏∏‡∏ì‡∏≤‡∏ñ‡∏≤‡∏°‡πÉ‡∏´‡∏°‡πà‡∏≠‡∏µ‡∏Å‡∏ó‡∏µ‡∏´‡∏£‡∏∑‡∏≠‡∏ï‡∏¥‡∏î‡∏ï‡πà‡∏≠‡πÄ‡∏à‡πâ‡∏≤‡∏´‡∏ô‡πâ‡∏≤‡∏ó‡∏µ‡πà‡∏Ñ‡πâ‡∏∞
11/10/2022:13:38:26,‡∏ö‡∏±‡∏ô‡∏ó‡∏∂‡∏Å‡∏Ç‡πâ‡∏≠‡∏°‡∏π‡∏•‡∏¢‡∏±‡∏á‡πÑ‡∏á,‡∏Å‡∏≤‡∏£‡∏ö‡∏±‡∏ô‡∏ó‡∏∂‡∏Å,87.0%,‡∏Ç‡∏±‡πâ‡∏ô‡∏ï‡∏≠‡∏ô‡∏ó‡∏µ‡πà‡πÄ‡∏ó‡πà‡∏≤‡πÑ‡∏£‡∏Ñ‡∏∞
11/10/2022:13:38:27,‡∏ö‡∏±‡∏ô‡∏ó‡∏∂‡∏Å,‡∏Å‡∏≤‡∏£‡∏ö‡∏±‡∏ô‡∏ó‡∏∂‡∏Å,98.0%,‡∏Ç‡∏±‡πâ‡∏ô‡∏ï‡∏≠‡∏ô‡∏ó‡∏µ‡πà‡πÄ‡∏ó‡πà‡∏≤‡πÑ‡∏£‡∏Ñ‡∏∞
11/10/2022:13:38:29,‡∏ö‡∏±‡∏ô‡∏ó‡∏∂‡∏Å‡∏Ç‡πâ‡∏≠‡∏°‡∏π‡∏•‡∏¢‡∏±‡∏á‡πÑ‡∏á‡∏Ç‡∏±‡πâ‡∏ô2.1,False,47.0%,‡πÑ‡∏°‡πà‡∏û‡∏ö‡∏Ç‡∏±‡πâ‡∏ô‡∏ï‡∏≠‡∏ô‡∏ó‡∏µ‡πà‡∏ñ‡∏≤‡∏°‡∏Ñ‡πà‡∏∞
11/10/2022:13:38:31,‡∏ö‡∏±‡∏ô‡∏ó‡∏∂‡∏Å‡∏Ç‡∏±‡πâ‡∏ô2.1,False,35.0%,‡πÑ‡∏°‡πà‡∏û‡∏ö‡∏Ç‡∏±‡πâ‡∏ô‡∏ï‡∏≠‡∏ô‡∏ó‡∏µ‡πà‡∏ñ‡∏≤‡∏°‡∏Ñ‡πà‡∏∞
11/10/2022:13:38:38,‡πÅ‡∏ú‡∏ô‡∏û‡∏±‡∏í‡∏ô‡∏≤‡∏Å‡∏≤‡∏£‡∏à‡∏±‡∏î‡∏Å‡∏≤‡∏£‡∏®‡∏∂‡∏Å‡∏©‡∏≤,2.1-‡πÅ‡∏ú‡∏ô‡∏û‡∏±‡∏í‡∏ô‡∏≤‡∏Å‡∏≤‡∏£‡∏à‡∏±‡∏î‡∏Å‡∏≤‡∏£‡∏®‡∏∂‡∏Å‡∏©‡∏≤,99.0%,‡∏ó‡πà‡∏≤‡∏ô‡∏™‡∏≤‡∏°‡∏≤‡∏£‡∏ñ‡∏ó‡∏≥‡∏ï‡∏≤‡∏°‡πÑ‡∏î‡πâ‡∏ï‡∏≤‡∏° VDO ‡∏≠‡∏ò‡∏¥‡∏ö‡∏≤‡∏¢‡∏Å‡∏≤‡∏£‡∏ö‡∏±‡∏ô‡∏ó‡∏∂‡∏Å‡∏Ç‡πâ‡∏≠‡∏°‡∏π‡∏•‡∏Ç‡∏±‡πâ‡∏ô‡∏ó‡∏µ‡πà 2.1 ‡πÅ‡∏ú‡∏ô‡∏û‡∏±‡∏í‡∏ô‡∏≤‡∏Å‡∏≤‡∏£‡∏à‡∏±‡∏î‡∏Å‡∏≤‡∏£‡∏®‡∏∂‡∏Å‡∏©‡∏≤ ‡∏Ñ‡∏•‡∏¥‡∏Å üëâhttps://youtu.be/PQb6ELw5u2M
11/10/2022:13:38:57,‡∏ö‡∏±‡∏ô‡∏ó‡∏∂‡∏Å‡∏Ç‡πâ‡∏≠‡∏°‡∏π‡∏•‡∏≠‡∏¢‡πà‡∏≤‡∏á‡πÑ‡∏£,‡∏Å‡∏≤‡∏£‡∏ö‡∏±‡∏ô‡∏ó‡∏∂‡∏Å,91.0%,‡∏Ç‡∏±‡πâ‡∏ô‡∏ï‡∏≠‡∏ô‡∏ó‡∏µ‡πà‡πÄ‡∏ó‡πà‡∏≤‡πÑ‡∏£‡∏Ñ‡∏∞
11/10/2022:13:39:00,‡∏ö‡∏±‡∏ô‡∏ó‡∏∂‡∏Å‡∏Ç‡πâ‡∏≠‡∏°‡∏π‡∏•‡∏≠‡∏¢‡πà‡∏≤‡∏á‡πÑ‡∏£‡∏Ç‡∏±‡πâ‡∏ô1,1-‡∏Å‡∏≥‡∏´‡∏ô‡∏î‡∏°‡∏≤‡∏ï‡∏£‡∏ê‡∏≤‡∏ô,97.0%,‡∏ß‡∏¥‡∏ò‡∏µ‡∏Å‡∏≤‡∏£‡πÉ‡∏™‡πà‡∏Ç‡πâ‡∏≠‡∏°‡∏π‡∏•‡∏Ç‡∏±‡πâ‡∏ô‡∏ó‡∏µ‡πà 1 ‡∏Å‡∏≥‡∏´‡∏ô‡∏î‡∏°‡∏≤‡∏ï‡∏£‡∏ê‡∏≤‡∏ô‡∏Ø ‡∏´‡∏≤‡∏Å‡πÄ‡∏Ç‡πâ‡∏≤‡∏°‡∏≤‡∏Ñ‡∏£‡∏±‡πâ‡∏á‡πÅ‡∏£‡∏Å‡πÉ‡∏´‡πâ‡∏Ñ‡∏•‡∏¥‡∏Å‡∏õ‡∏∏‡πà‡∏°‡πÄ‡∏û‡∏¥‡πà‡∏°‡∏°‡∏≤‡∏ï‡∏£‡∏ê‡∏≤‡∏ô ‡∏°‡∏∏‡∏°‡∏ö‡∏ô‡∏Ç‡∏ß‡∏≤‡∏°‡∏∑‡∏≠ ‡∏™‡∏≤‡∏°‡∏≤‡∏£‡∏ñ‡∏î‡∏π‡∏ß‡∏¥‡∏ò‡∏µ‡∏Å‡∏≤‡∏£‡πÅ‡∏ö‡∏ö VDO ‡πÑ‡∏î‡πâ‡∏ú‡πà‡∏≤‡∏ôlink ‡∏ô‡∏µ‡πâ üëâhttps://youtu.be/1Ii49Vr8ssA
11/10/2022:13:39:15,2.1,2.1-‡πÅ‡∏ú‡∏ô‡∏û‡∏±‡∏í‡∏ô‡∏≤‡∏Å‡∏≤‡∏£‡∏à‡∏±‡∏î‡∏Å‡∏≤‡∏£‡∏®‡∏∂‡∏Å‡∏©‡∏≤,97.0%,‡∏ó‡πà‡∏≤‡∏ô‡∏™‡∏≤‡∏°‡∏≤‡∏£‡∏ñ‡∏ó‡∏≥‡∏ï‡∏≤‡∏°‡πÑ‡∏î‡πâ‡∏ï‡∏≤‡∏° VDO ‡∏≠‡∏ò‡∏¥‡∏ö‡∏≤‡∏¢‡∏Å‡∏≤‡∏£‡∏ö‡∏±‡∏ô‡∏ó‡∏∂‡∏Å‡∏Ç‡πâ‡∏≠‡∏°‡∏π‡∏•‡∏Ç‡∏±‡πâ‡∏ô‡∏ó‡∏µ‡πà 2.1 ‡πÅ‡∏ú‡∏ô‡∏û‡∏±‡∏í‡∏ô‡∏≤‡∏Å‡∏≤‡∏£‡∏à‡∏±‡∏î‡∏Å‡∏≤‡∏£‡∏®‡∏∂‡∏Å‡∏©‡∏≤ ‡∏Ñ‡∏•‡∏¥‡∏Å üëâhttps://youtu.be/PQb6ELw5u2M
11/10/2022:13:39:48,2.1,2.1-‡πÅ‡∏ú‡∏ô‡∏û‡∏±‡∏í‡∏ô‡∏≤‡∏Å‡∏≤‡∏£‡∏à‡∏±‡∏î‡∏Å‡∏≤‡∏£‡∏®‡∏∂‡∏Å‡∏©‡∏≤,97.0%,‡∏ó‡πà‡∏≤‡∏ô‡∏™‡∏≤‡∏°‡∏≤‡∏£‡∏ñ‡∏ó‡∏≥‡∏ï‡∏≤‡∏°‡πÑ‡∏î‡πâ‡∏ï‡∏≤‡∏° VDO ‡∏≠‡∏ò‡∏¥‡∏ö‡∏≤‡∏¢‡∏Å‡∏≤‡∏£‡∏ö‡∏±‡∏ô‡∏ó‡∏∂‡∏Å‡∏Ç‡πâ‡∏≠‡∏°‡∏π‡∏•‡∏Ç‡∏±‡πâ‡∏ô‡∏ó‡∏µ‡πà 2.1 ‡πÅ‡∏ú‡∏ô‡∏û‡∏±‡∏í‡∏ô‡∏≤‡∏Å‡∏≤‡∏£‡∏à‡∏±‡∏î‡∏Å‡∏≤‡∏£‡∏®‡∏∂‡∏Å‡∏©‡∏≤ ‡∏Ñ‡∏•‡∏¥‡∏Å üëâhttps://youtu.be/PQb6ELw5u2M
11/10/2022:13:39:59,2.1 ‡πÅ‡∏Å‡πâ‡πÑ‡∏Ç,False,44.0%,‡πÑ‡∏°‡πà‡πÄ‡∏Ç‡πâ‡∏≤‡πÉ‡∏à‡∏Ñ‡∏≥‡∏ñ‡∏≤‡∏°‡∏Ñ‡πà‡∏∞ ‡∏Å‡∏£‡∏∏‡∏ì‡∏≤‡∏ñ‡∏≤‡∏°‡πÉ‡∏´‡∏°‡πà‡∏≠‡∏µ‡∏Å‡∏ó‡∏µ‡∏´‡∏£‡∏∑‡∏≠‡∏ï‡∏¥‡∏î‡∏ï‡πà‡∏≠‡πÄ‡∏à‡πâ‡∏≤‡∏´‡∏ô‡πâ‡∏≤‡∏ó‡∏µ‡πà‡∏Ñ‡πâ‡∏∞
11/10/2022:13:40:49,‡πÅ‡∏Å‡πâ‡πÑ‡∏Ç 2.1,2.1-‡∏õ‡∏•‡∏î‡∏•‡πá‡∏≠‡∏Å,99.0%,‡∏Å‡∏£‡∏ì‡∏µ‡πÇ‡∏£‡∏á‡πÄ‡∏£‡∏µ‡∏¢‡∏ô‡∏ï‡πâ‡∏≠‡∏á‡∏Å‡∏≤‡∏£‡πÅ‡∏Å‡πâ‡πÑ‡∏Ç‡∏´‡∏•‡∏±‡∏á‡∏™‡πà‡∏ß‡∏ô‡∏Å‡∏•‡∏≤‡∏á‡πÑ‡∏î‡πâ‡∏£‡∏±‡∏ö‡∏Ç‡πâ‡∏≠‡∏°‡∏π‡∏•‡πÅ‡∏•‡πâ‡∏ß ‡∏ó‡πà‡∏≤‡∏ô‡∏™‡∏≤‡∏°‡∏≤‡∏£‡∏ñ‡∏õ‡∏•‡∏î‡∏•‡πá‡∏≠‡∏Å‡∏Å‡∏≤‡∏£‡πÅ‡∏Å‡πâ‡πÑ‡∏Ç‡∏Ç‡πâ‡∏≠‡∏°‡∏π‡∏•‡πÇ‡∏î‡∏¢ ‡∏Ñ‡∏•‡∏¥‡∏Å‡∏õ‡∏∏‡πà‡∏° "‡∏Ç‡∏≠‡∏™‡πà‡∏á‡∏Ñ‡∏∑‡∏ô‡πÄ‡∏û‡∏∑‡πà‡∏≠‡πÅ‡∏Å‡πâ‡πÑ‡∏Ç" ‡πÄ‡∏°‡∏∑‡πà‡∏≠‡πÅ‡∏Å‡πâ‡πÑ‡∏Ç‡∏Ç‡πâ‡∏≠‡∏°‡∏π‡∏•‡πÄ‡∏£‡∏µ‡∏¢‡∏ö‡∏£‡πâ‡∏≠‡∏¢‡πÅ‡∏•‡πâ‡∏ß ‡∏ï‡∏£‡∏ß‡∏à‡∏™‡∏≠‡∏ö‡∏Ç‡πâ‡∏≠‡∏°‡∏π‡∏•‡∏≠‡∏µ‡∏Å‡∏Ñ‡∏£‡∏±‡πâ‡∏á‡πÅ‡∏•‡∏∞‡∏Ñ‡∏•‡∏¥‡∏Å‡∏õ‡∏∏‡πà‡∏° "‡∏™‡πà‡∏á‡∏ú‡∏π‡πâ‡∏ö‡∏£‡∏¥‡∏´‡∏≤‡∏£‡πÇ‡∏£‡∏á‡πÄ‡∏£‡∏µ‡∏¢‡∏ô‡∏£‡∏±‡∏ö‡∏£‡∏≠‡∏á" ‡πÉ‡∏ô‡πÅ‡∏ó‡∏õ‡∏ó‡∏µ‡πà 5 ‡∏™‡∏£‡∏∏‡∏õ‡πÅ‡∏ú‡∏ô ‡πÄ‡∏°‡∏∑‡πà‡∏≠‡∏ú‡∏π‡πâ‡∏ö‡∏£‡∏¥‡∏´‡∏≤‡∏£‡πÇ‡∏£‡∏á‡πÄ‡∏£‡∏µ‡∏¢‡∏ô‡∏£‡∏±‡∏ö‡∏£‡∏≠‡∏á‡∏Ç‡πâ‡∏≠‡∏°‡∏π‡∏• ‡∏Å‡∏≤‡∏£‡πÅ‡∏Å‡πâ‡πÑ‡∏Ç‡∏à‡∏∂‡∏á‡∏à‡∏∞‡πÄ‡∏™‡∏£‡πá‡∏à‡∏™‡∏¥‡πâ‡∏ô‡∏™‡∏°‡∏ö‡∏π‡∏£‡∏ì‡πå
11/10/2022:13:41:14,‡πÄ‡∏Å‡πá‡∏ö‡∏ö‡πâ‡∏≠‡∏°‡∏•,False,24.0%,‡πÑ‡∏°‡πà‡πÄ‡∏Ç‡πâ‡∏≤‡πÉ‡∏à‡∏Ñ‡∏≥‡∏ñ‡∏≤‡∏°‡∏Ñ‡πà‡∏∞ ‡∏Å‡∏£‡∏∏‡∏ì‡∏≤‡∏ñ‡∏≤‡∏°‡πÉ‡∏´‡∏°‡πà‡∏≠‡∏µ‡∏Å‡∏ó‡∏µ‡∏´‡∏£‡∏∑‡∏≠‡∏ï‡∏¥‡∏î‡∏ï‡πà‡∏≠‡πÄ‡∏à‡πâ‡∏≤‡∏´‡∏ô‡πâ‡∏≤‡∏ó‡∏µ‡πà‡∏Ñ‡πâ‡∏∞
11/10/2022:13:41:36,‡∏£‡∏±‡∏ö‡∏£‡∏≠‡∏á‡πÅ‡∏ú‡∏ô,False,45.0%,‡πÑ‡∏°‡πà‡πÄ‡∏Ç‡πâ‡∏≤‡πÉ‡∏à‡∏Ñ‡∏≥‡∏ñ‡∏≤‡∏°‡∏Ñ‡πà‡∏∞ ‡∏Å‡∏£‡∏∏‡∏ì‡∏≤‡∏ñ‡∏≤‡∏°‡πÉ‡∏´‡∏°‡πà‡∏≠‡∏µ‡∏Å‡∏ó‡∏µ‡∏´‡∏£‡∏∑‡∏≠‡∏ï‡∏¥‡∏î‡∏ï‡πà‡∏≠‡πÄ‡∏à‡πâ‡∏≤‡∏´‡∏ô‡πâ‡∏≤‡∏ó‡∏µ‡πà‡∏Ñ‡πâ‡∏∞
11/10/2022:13:42:18,‡∏ö‡∏±‡∏ô‡∏ó‡∏∂‡∏Å‡∏Ç‡πâ‡∏≠‡∏°‡∏π‡∏•,‡∏Å‡∏≤‡∏£‡∏ö‡∏±‡∏ô‡∏ó‡∏∂‡∏Å,97.0%,‡∏Ç‡∏±‡πâ‡∏ô‡∏ï‡∏≠‡∏ô‡∏ó‡∏µ‡πà‡πÄ‡∏ó‡πà‡∏≤‡πÑ‡∏£‡∏Ñ‡∏∞
11/10/2022:13:42:21,‡∏ö‡∏±‡∏ô‡∏ó‡∏∂‡∏Å‡∏Ç‡πâ‡∏≠‡∏°‡∏π‡∏•‡∏Ç‡∏±‡πâ‡∏ô7,7-‡∏ö‡∏±‡∏ô‡∏ó‡∏∂‡∏Å‡∏Ç‡πâ‡∏≠‡∏°‡∏π‡∏•,98.0%,‡∏ß‡∏¥‡∏ò‡∏µ‡∏Å‡∏≤‡∏£‡∏ö‡∏±‡∏ô‡∏ó‡∏∂‡∏Å‡∏Ç‡πâ‡∏≠‡∏°‡∏π‡∏•‡∏Ç‡∏±‡πâ‡∏ô‡∏ó‡∏µ‡πà 7 ‡∏Å‡∏≤‡∏£‡∏û‡∏±‡∏í‡∏ô‡∏≤‡∏Ñ‡∏∏‡∏ì‡∏†‡∏≤‡∏û‡∏Å‡∏≤‡∏£‡∏®‡∏∂‡∏Å‡∏©‡∏≤‡∏≠‡∏¢‡πà‡∏≤‡∏á‡∏ï‡πà‡∏≠‡πÄ‡∏ô‡∏∑‡πà‡∏≠‡∏á‡∏Ñ‡∏•‡∏¥‡∏Å https://drive.google.com/file/d/1qEtPj_WaaNKBu1v9K3TLqLJ0rwPa0tQ0/view ‡∏™‡∏≥‡∏´‡∏£‡∏±‡∏ö‡∏Ç‡πâ‡∏≠‡∏°‡∏π‡∏•‡πÇ‡∏Ñ‡∏£‡∏á‡∏Å‡∏≤‡∏£‡πÅ‡∏•‡∏∞‡∏Å‡∏¥‡∏à‡∏Å‡∏£‡∏£‡∏°‡πÉ‡∏´‡πâ‡πÉ‡∏™‡πà‡πÄ‡∏â‡∏û‡∏≤‡∏∞‡∏ó‡∏µ‡πà‡∏™‡∏≠‡∏î‡∏Ñ‡∏•‡πâ‡∏≠‡∏á‡∏Å‡∏±‡∏ö‡πÅ‡∏ô‡∏ß‡∏ó‡∏≤‡∏á‡∏Å‡∏≤‡∏£‡∏û‡∏±‡∏í‡∏ô‡∏≤‡πÉ‡∏ô‡∏≠‡∏ô‡∏≤‡∏Ñ‡∏ï‡∏ó‡∏µ‡πà‡πÇ‡∏£‡∏á‡πÄ‡∏£‡∏µ‡∏¢‡∏ô‡πÄ‡∏Ç‡∏µ‡∏¢‡∏ô‡πÑ‡∏ß‡πâ
11/10/2022:13:42:35,‡∏õ‡∏•‡∏î‡∏•‡πá‡∏≠‡∏Å‡∏≠‡∏¢‡πà‡∏≤‡∏á‡πÑ‡∏£,‡∏õ‡∏•‡∏î‡∏•‡πá‡∏≠‡∏Å,74.0%,‡∏Ç‡∏±‡πâ‡∏ô‡∏ï‡∏≠‡∏ô‡∏ó‡∏µ‡πà‡πÄ‡∏ó‡πà‡∏≤‡πÑ‡∏£‡∏Ñ‡∏∞
11/10/2022:13:42:39,‡∏£‡∏±‡∏ö‡∏£‡∏≠‡∏á‡πÅ‡∏ú‡∏ô‡πÑ‡∏°‡πà‡πÑ‡∏î‡πâ,‡∏™‡πà‡∏á‡∏ú‡∏π‡πâ‡∏ö‡∏£‡∏¥‡∏´‡∏≤‡∏£‡∏£‡∏±‡∏ö‡∏£‡∏≠‡∏á‡πÑ‡∏°‡πà‡πÑ‡∏î‡πâ,77.0%,‡∏Ç‡∏±‡πâ‡∏ô‡∏ï‡∏≠‡∏ô‡∏ó‡∏µ‡πà‡πÄ‡∏ó‡πà‡∏≤‡πÑ‡∏£‡∏Ñ‡∏∞
11/10/2022:13:42:45,‡∏£‡∏±‡∏ö‡∏£‡∏≠‡∏á‡πÅ‡∏ú‡∏ô‡πÑ‡∏°‡πà‡πÑ‡∏î‡πâ‡∏Ç‡∏±‡πâ‡∏ô2.1,False,53.0%,‡πÑ‡∏°‡πà‡∏û‡∏ö‡∏Ç‡∏±‡πâ‡∏ô‡∏ï‡∏≠‡∏ô‡∏ó‡∏µ‡πà‡∏ñ‡∏≤‡∏°‡∏Ñ‡πà‡∏∞
11/10/2022:13:43:05,‡∏õ‡∏•‡∏î‡∏•‡πá‡∏≠‡∏Å‡∏≠‡∏¢‡πà‡∏≤‡∏á‡πÑ‡∏£‡∏Ç‡∏±‡πâ‡∏ô6,False,42.0%,‡πÑ‡∏°‡πà‡∏û‡∏ö‡∏Ç‡∏±‡πâ‡∏ô‡∏ï‡∏≠‡∏ô‡∏ó‡∏µ‡πà‡∏ñ‡∏≤‡∏°‡∏Ñ‡πà‡∏∞
11/10/2022:13:43:54,‡∏ö‡∏±‡∏ô‡∏ó‡∏∂‡∏Å‡∏¢‡∏±‡∏á‡πÑ‡∏á‡∏Ñ‡∏£‡∏±‡∏ö,‡∏Å‡∏≤‡∏£‡∏ö‡∏±‡∏ô‡∏ó‡∏∂‡∏Å,92.0%,‡∏Ç‡∏±‡πâ‡∏ô‡∏ï‡∏≠‡∏ô‡∏ó‡∏µ‡πà‡πÄ‡∏ó‡πà‡∏≤‡πÑ‡∏£‡∏Ñ‡∏∞
11/10/2022:13:43:56,‡∏ö‡∏±‡∏ô‡∏ó‡∏∂‡∏Å‡∏¢‡∏±‡∏á‡πÑ‡∏á‡∏Ñ‡∏£‡∏±‡∏ö‡∏Ç‡∏±‡πâ‡∏ô6,False,45.0%,‡πÑ‡∏°‡πà‡∏û‡∏ö‡∏Ç‡∏±‡πâ‡∏ô‡∏ï‡∏≠‡∏ô‡∏ó‡∏µ‡πà‡∏ñ‡∏≤‡∏°‡∏Ñ‡πà‡∏∞
11/10/2022:13:44:08,‡∏Ç‡πâ‡∏≠‡∏°‡∏π‡∏•,False,59.0%,‡πÑ‡∏°‡πà‡πÄ‡∏Ç‡πâ‡∏≤‡πÉ‡∏à‡∏Ñ‡∏≥‡∏ñ‡∏≤‡∏°‡∏Ñ‡πà‡∏∞ ‡∏Å‡∏£‡∏∏‡∏ì‡∏≤‡∏ñ‡∏≤‡∏°‡πÉ‡∏´‡∏°‡πà‡∏≠‡∏µ‡∏Å‡∏ó‡∏µ‡∏´‡∏£‡∏∑‡∏≠‡∏ï‡∏¥‡∏î‡∏ï‡πà‡∏≠‡πÄ‡∏à‡πâ‡∏≤‡∏´‡∏ô‡πâ‡∏≤‡∏ó‡∏µ‡πà‡∏Ñ‡πâ‡∏∞
11/10/2022:13:44:58,‡πÇ‡∏´‡∏•‡∏î‡πÑ‡∏ü‡∏•‡πå,False,33.0%,‡πÑ‡∏°‡πà‡πÄ‡∏Ç‡πâ‡∏≤‡πÉ‡∏à‡∏Ñ‡∏≥‡∏ñ‡∏≤‡∏°‡∏Ñ‡πà‡∏∞ ‡∏Å‡∏£‡∏∏‡∏ì‡∏≤‡∏ñ‡∏≤‡∏°‡πÉ‡∏´‡∏°‡πà‡∏≠‡∏µ‡∏Å‡∏ó‡∏µ‡∏´‡∏£‡∏∑‡∏≠‡∏ï‡∏¥‡∏î‡∏ï‡πà‡∏≠‡πÄ‡∏à‡πâ‡∏≤‡∏´‡∏ô‡πâ‡∏≤‡∏ó‡∏µ‡πà‡∏Ñ‡πâ‡∏∞
11/10/2022:13:45:36,‡∏õ‡∏•‡∏î‡∏•‡πá‡∏≠‡∏Å‡∏Ç‡∏±‡πâ‡∏ô‡∏ó‡∏µ‡πà 5,6-‡∏Å‡∏≤‡∏£‡∏õ‡∏•‡∏î‡∏•‡πá‡∏≠‡∏Å,89.0%,‡∏ó‡πà‡∏≤‡∏ô‡∏™‡∏≤‡∏°‡∏≤‡∏£‡∏ñ‡∏õ‡∏•‡∏î‡∏•‡πá‡∏≠‡∏Å‡πÑ‡∏î‡πâ‡πÇ‡∏î‡∏¢‡∏Ñ‡∏•‡∏¥‡∏Å‡∏õ‡∏∏‡πà‡∏°‡∏™‡πà‡∏á‡∏Ñ‡∏∑‡∏ô‡πÄ‡∏û‡∏∑‡πà‡∏≠‡πÅ‡∏Å‡πâ‡πÑ‡∏Ç ‡∏ß‡∏¥‡∏ò‡∏µ‡∏Å‡∏≤‡∏£‡∏≠‡∏±‡∏û‡πÇ‡∏´‡∏•‡∏î‡πÑ‡∏ü‡∏•‡πå‡∏£‡∏≤‡∏¢‡∏á‡∏≤‡∏ô‡∏â‡∏ö‡∏±‡∏ö‡πÉ‡∏´‡∏°‡πà ‡∏ï‡∏≤‡∏°‡∏ß‡∏¥‡∏ò‡∏µ‡∏Å‡∏≤‡∏£‡πÉ‡∏ô‡∏•‡∏¥‡πâ‡∏á‡∏ô‡∏µ‡πâ  üëâ  https://drive.google.com/file/d/1-YPkVcvxe9QR24A6cYW68nifQJKwBlKG/view?usp=sharing
11/10/2022:13:45:50,‡∏õ‡∏•‡∏î‡∏•‡πá‡∏≠‡∏Å,False,45.0%,‡πÑ‡∏°‡πà‡πÄ‡∏Ç‡πâ‡∏≤‡πÉ‡∏à‡∏Ñ‡∏≥‡∏ñ‡∏≤‡∏°‡∏Ñ‡πà‡∏∞ ‡∏Å‡∏£‡∏∏‡∏ì‡∏≤‡∏ñ‡∏≤‡∏°‡πÉ‡∏´‡∏°‡πà‡∏≠‡∏µ‡∏Å‡∏ó‡∏µ‡∏´‡∏£‡∏∑‡∏≠‡∏ï‡∏¥‡∏î‡∏ï‡πà‡∏≠‡πÄ‡∏à‡πâ‡∏≤‡∏´‡∏ô‡πâ‡∏≤‡∏ó‡∏µ‡πà‡∏Ñ‡πâ‡∏∞
11/10/2022:13:45:59,‡∏õ‡∏•‡∏î‡∏•‡πá‡∏≠‡∏Å‡∏≠‡∏¢‡πà‡∏≤‡∏á‡πÑ‡∏£,‡∏õ‡∏•‡∏î‡∏•‡πá‡∏≠‡∏Å,74.0%,‡∏Ç‡∏±‡πâ‡∏ô‡∏ï‡∏≠‡∏ô‡∏ó‡∏µ‡πà‡πÄ‡∏ó‡πà‡∏≤‡πÑ‡∏£‡∏Ñ‡∏∞
11/10/2022:13:46:01,‡∏õ‡∏•‡∏î‡∏•‡πá‡∏≠‡∏Å‡∏≠‡∏¢‡πà‡∏≤‡∏á‡πÑ‡∏£‡∏Ç‡∏±‡πâ‡∏ô5,False,52.0%,‡πÑ‡∏°‡πà‡∏û‡∏ö‡∏Ç‡∏±‡πâ‡∏ô‡∏ï‡∏≠‡∏ô‡∏ó‡∏µ‡πà‡∏ñ‡∏≤‡∏°‡∏Ñ‡πà‡∏∞
11/10/2022:13:46:30,‡∏õ‡∏•‡∏î‡∏•‡∏≠‡∏Å 5,False,41.0%,‡πÑ‡∏°‡πà‡πÄ‡∏Ç‡πâ‡∏≤‡πÉ‡∏à‡∏Ñ‡∏≥‡∏ñ‡∏≤‡∏°‡∏Ñ‡πà‡∏∞ ‡∏Å‡∏£‡∏∏‡∏ì‡∏≤‡∏ñ‡∏≤‡∏°‡πÉ‡∏´‡∏°‡πà‡∏≠‡∏µ‡∏Å‡∏ó‡∏µ‡∏´‡∏£‡∏∑‡∏≠‡∏ï‡∏¥‡∏î‡∏ï‡πà‡∏≠‡πÄ‡∏à‡πâ‡∏≤‡∏´‡∏ô‡πâ‡∏≤‡∏ó‡∏µ‡πà‡∏Ñ‡πâ‡∏∞
11/10/2022:13:46:41,‡∏õ‡∏•‡∏î‡∏•‡πá‡∏≠‡∏Å 5,6-‡∏Å‡∏≤‡∏£‡∏õ‡∏•‡∏î‡∏•‡πá‡∏≠‡∏Å,77.0%,‡∏ó‡πà‡∏≤‡∏ô‡∏™‡∏≤‡∏°‡∏≤‡∏£‡∏ñ‡∏õ‡∏•‡∏î‡∏•‡πá‡∏≠‡∏Å‡πÑ‡∏î‡πâ‡πÇ‡∏î‡∏¢‡∏Ñ‡∏•‡∏¥‡∏Å‡∏õ‡∏∏‡πà‡∏°‡∏™‡πà‡∏á‡∏Ñ‡∏∑‡∏ô‡πÄ‡∏û‡∏∑‡πà‡∏≠‡πÅ‡∏Å‡πâ‡πÑ‡∏Ç ‡∏ß‡∏¥‡∏ò‡∏µ‡∏Å‡∏≤‡∏£‡∏≠‡∏±‡∏û‡πÇ‡∏´‡∏•‡∏î‡πÑ‡∏ü‡∏•‡πå‡∏£‡∏≤‡∏¢‡∏á‡∏≤‡∏ô‡∏â‡∏ö‡∏±‡∏ö‡πÉ‡∏´‡∏°‡πà ‡∏ï‡∏≤‡∏°‡∏ß‡∏¥‡∏ò‡∏µ‡∏Å‡∏≤‡∏£‡πÉ‡∏ô‡∏•‡∏¥‡πâ‡∏á‡∏ô‡∏µ‡πâ  üëâ  https://drive.google.com/file/d/1-YPkVcvxe9QR24A6cYW68nifQJKwBlKG/view?usp=sharing
11/10/2022:13:46:49,‡∏õ‡∏•‡∏î‡∏•‡πá‡∏≠‡∏Å‡πÑ‡∏î‡πâ‡∏≠‡∏¢‡πà‡∏≤‡∏á‡πÑ‡∏£,‡∏õ‡∏•‡∏î‡∏•‡πá‡∏≠‡∏Å,89.0%,‡∏Ç‡∏±‡πâ‡∏ô‡∏ï‡∏≠‡∏ô‡∏ó‡∏µ‡πà‡πÄ‡∏ó‡πà‡∏≤‡πÑ‡∏£‡∏Ñ‡∏∞
11/10/2022:13:46:54,‡∏õ‡∏•‡∏î‡∏•‡πá‡∏≠‡∏Å‡πÑ‡∏î‡πâ‡∏≠‡∏¢‡πà‡∏≤‡∏á‡πÑ‡∏£‡∏Ç‡∏±‡πâ‡∏ô‡∏ó‡∏µ‡πà 5,False,58.0%,‡πÑ‡∏°‡πà‡∏û‡∏ö‡∏Ç‡∏±‡πâ‡∏ô‡∏ï‡∏≠‡∏ô‡∏ó‡∏µ‡πà‡∏ñ‡∏≤‡∏°‡∏Ñ‡πà‡∏∞
11/10/2022:13:47:04,‡∏õ‡∏•‡∏î‡∏•‡πä‡∏≠‡∏Ñ 5,False,54.0%,‡πÑ‡∏°‡πà‡πÄ‡∏Ç‡πâ‡∏≤‡πÉ‡∏à‡∏Ñ‡∏≥‡∏ñ‡∏≤‡∏°‡∏Ñ‡πà‡∏∞ ‡∏Å‡∏£‡∏∏‡∏ì‡∏≤‡∏ñ‡∏≤‡∏°‡πÉ‡∏´‡∏°‡πà‡∏≠‡∏µ‡∏Å‡∏ó‡∏µ‡∏´‡∏£‡∏∑‡∏≠‡∏ï‡∏¥‡∏î‡∏ï‡πà‡∏≠‡πÄ‡∏à‡πâ‡∏≤‡∏´‡∏ô‡πâ‡∏≤‡∏ó‡∏µ‡πà‡∏Ñ‡πâ‡∏∞
11/10/2022:13:47:15,‡∏õ‡∏•‡∏î‡∏•‡πá‡∏≠‡∏Å,False,45.0%,‡πÑ‡∏°‡πà‡πÄ‡∏Ç‡πâ‡∏≤‡πÉ‡∏à‡∏Ñ‡∏≥‡∏ñ‡∏≤‡∏°‡∏Ñ‡πà‡∏∞ ‡∏Å‡∏£‡∏∏‡∏ì‡∏≤‡∏ñ‡∏≤‡∏°‡πÉ‡∏´‡∏°‡πà‡∏≠‡∏µ‡∏Å‡∏ó‡∏µ‡∏´‡∏£‡∏∑‡∏≠‡∏ï‡∏¥‡∏î‡∏ï‡πà‡∏≠‡πÄ‡∏à‡πâ‡∏≤‡∏´‡∏ô‡πâ‡∏≤‡∏ó‡∏µ‡πà‡∏Ñ‡πâ‡∏∞
11/10/2022:13:48:05,‡∏õ‡∏•‡∏î‡∏•‡πá‡∏≠‡∏Å‡πÑ‡∏î‡πâ‡∏≠‡∏¢‡πà‡∏≤‡∏á‡πÑ‡∏£,‡∏õ‡∏•‡∏î‡∏•‡πá‡∏≠‡∏Å,89.0%,‡∏Ç‡∏±‡πâ‡∏ô‡∏ï‡∏≠‡∏ô‡∏ó‡∏µ‡πà‡πÄ‡∏ó‡πà‡∏≤‡πÑ‡∏£‡∏Ñ‡∏∞
11/10/2022:13:48:10,‡∏õ‡∏•‡∏î‡∏•‡πá‡∏≠‡∏Å‡πÑ‡∏î‡πâ‡∏≠‡∏¢‡πà‡∏≤‡∏á‡πÑ‡∏£‡∏Ç‡∏±‡πâ‡∏ô‡∏ó‡∏µ‡πà 6,False,39.0%,‡πÑ‡∏°‡πà‡∏û‡∏ö‡∏Ç‡∏±‡πâ‡∏ô‡∏ï‡∏≠‡∏ô‡∏ó‡∏µ‡πà‡∏ñ‡∏≤‡∏°‡∏Ñ‡πà‡∏∞
11/10/2022:13:48:51,‡∏õ‡∏•‡∏î‡∏•‡πá‡∏≠‡∏Å‡∏≠‡∏¢‡πà‡∏≤‡∏á‡πÑ‡∏£,‡∏õ‡∏•‡∏î‡∏•‡πá‡∏≠‡∏Å,74.0%,‡∏Ç‡∏±‡πâ‡∏ô‡∏ï‡∏≠‡∏ô‡∏ó‡∏µ‡πà‡πÄ‡∏ó‡πà‡∏≤‡πÑ‡∏£‡∏Ñ‡∏∞
11/10/2022:13:48:57,‡∏õ‡∏•‡∏î‡∏•‡πá‡∏≠‡∏Å‡∏≠‡∏¢‡πà‡∏≤‡∏á‡πÑ‡∏£‡∏Ç‡∏±‡πâ‡∏ô6,False,42.0%,‡πÑ‡∏°‡πà‡∏û‡∏ö‡∏Ç‡∏±‡πâ‡∏ô‡∏ï‡∏≠‡∏ô‡∏ó‡∏µ‡πà‡∏ñ‡∏≤‡∏°‡∏Ñ‡πà‡∏∞
11/10/2022:13:49:01,‡∏õ‡∏•‡∏î‡∏•‡πá‡∏≠‡∏Å‡∏Ç‡∏±‡πâ‡∏ô‡∏ó‡∏µ‡πà6,False,64.0%,‡πÑ‡∏°‡πà‡πÄ‡∏Ç‡πâ‡∏≤‡πÉ‡∏à‡∏Ñ‡∏≥‡∏ñ‡∏≤‡∏°‡∏Ñ‡πà‡∏∞ ‡∏Å‡∏£‡∏∏‡∏ì‡∏≤‡∏ñ‡∏≤‡∏°‡πÉ‡∏´‡∏°‡πà‡∏≠‡∏µ‡∏Å‡∏ó‡∏µ‡∏´‡∏£‡∏∑‡∏≠‡∏ï‡∏¥‡∏î‡∏ï‡πà‡∏≠‡πÄ‡∏à‡πâ‡∏≤‡∏´‡∏ô‡πâ‡∏≤‡∏ó‡∏µ‡πà‡∏Ñ‡πâ‡∏∞
11/10/2022:13:49:38,‡∏õ‡∏•‡∏î‡∏•‡πá‡∏≠‡∏Å‡∏Ç‡∏±‡πâ‡∏ô6,False,40.0%,‡πÑ‡∏°‡πà‡πÄ‡∏Ç‡πâ‡∏≤‡πÉ‡∏à‡∏Ñ‡∏≥‡∏ñ‡∏≤‡∏°‡∏Ñ‡πà‡∏∞ ‡∏Å‡∏£‡∏∏‡∏ì‡∏≤‡∏ñ‡∏≤‡∏°‡πÉ‡∏´‡∏°‡πà‡∏≠‡∏µ‡∏Å‡∏ó‡∏µ‡∏´‡∏£‡∏∑‡∏≠‡∏ï‡∏¥‡∏î‡∏ï‡πà‡∏≠‡πÄ‡∏à‡πâ‡∏≤‡∏´‡∏ô‡πâ‡∏≤‡∏ó‡∏µ‡πà‡∏Ñ‡πâ‡∏∞
11/10/2022:13:52:35,‡πÄ‡∏ã‡∏ü‡∏¢‡∏±‡∏á‡πÑ‡∏á,‡∏Å‡∏≤‡∏£‡∏ö‡∏±‡∏ô‡∏ó‡∏∂‡∏Å,98.0%,‡∏Ç‡∏±‡πâ‡∏ô‡∏ï‡∏≠‡∏ô‡∏ó‡∏µ‡πà‡πÄ‡∏ó‡πà‡∏≤‡πÑ‡∏£‡∏Ñ‡∏∞
11/10/2022:13:52:40,‡πÄ‡∏ã‡∏ü‡∏¢‡∏±‡∏á‡πÑ‡∏á‡∏Ç‡∏±‡πâ‡∏ô7,7-‡∏ö‡∏±‡∏ô‡∏ó‡∏∂‡∏Å‡∏Ç‡πâ‡∏≠‡∏°‡∏π‡∏•,99.0%,‡∏ß‡∏¥‡∏ò‡∏µ‡∏Å‡∏≤‡∏£‡∏ö‡∏±‡∏ô‡∏ó‡∏∂‡∏Å‡∏Ç‡πâ‡∏≠‡∏°‡∏π‡∏•‡∏Ç‡∏±‡πâ‡∏ô‡∏ó‡∏µ‡πà 7 ‡∏Å‡∏≤‡∏£‡∏û‡∏±‡∏í‡∏ô‡∏≤‡∏Ñ‡∏∏‡∏ì‡∏†‡∏≤‡∏û‡∏Å‡∏≤‡∏£‡∏®‡∏∂‡∏Å‡∏©‡∏≤‡∏≠‡∏¢‡πà‡∏≤‡∏á‡∏ï‡πà‡∏≠‡πÄ‡∏ô‡∏∑‡πà‡∏≠‡∏á‡∏Ñ‡∏•‡∏¥‡∏Å https://drive.google.com/file/d/1qEtPj_WaaNKBu1v9K3TLqLJ0rwPa0tQ0/view ‡∏™‡∏≥‡∏´‡∏£‡∏±‡∏ö‡∏Ç‡πâ‡∏≠‡∏°‡∏π‡∏•‡πÇ‡∏Ñ‡∏£‡∏á‡∏Å‡∏≤‡∏£‡πÅ‡∏•‡∏∞‡∏Å‡∏¥‡∏à‡∏Å‡∏£‡∏£‡∏°‡πÉ‡∏´‡πâ‡πÉ‡∏™‡πà‡πÄ‡∏â‡∏û‡∏≤‡∏∞‡∏ó‡∏µ‡πà‡∏™‡∏≠‡∏î‡∏Ñ‡∏•‡πâ‡∏≠‡∏á‡∏Å‡∏±‡∏ö‡πÅ‡∏ô‡∏ß‡∏ó‡∏≤‡∏á‡∏Å‡∏≤‡∏£‡∏û‡∏±‡∏í‡∏ô‡∏≤‡πÉ‡∏ô‡∏≠‡∏ô‡∏≤‡∏Ñ‡∏ï‡∏ó‡∏µ‡πà‡πÇ‡∏£‡∏á‡πÄ‡∏£‡∏µ‡∏¢‡∏ô‡πÄ‡∏Ç‡∏µ‡∏¢‡∏ô‡πÑ‡∏ß‡πâ
11/10/2022:14:07:36,‡∏Ñ‡∏±‡∏î‡∏•‡∏≠‡∏á‡∏°‡∏≤‡∏ï‡∏£‡∏ê‡∏≤‡∏ô‡∏¢‡∏±‡∏á‡πÑ‡∏á,1-‡∏Å‡∏≥‡∏´‡∏ô‡∏î‡∏°‡∏≤‡∏ï‡∏£‡∏ê‡∏≤‡∏ô,94.0%,‡∏ß‡∏¥‡∏ò‡∏µ‡∏Å‡∏≤‡∏£‡πÉ‡∏™‡πà‡∏Ç‡πâ‡∏≠‡∏°‡∏π‡∏•‡∏Ç‡∏±‡πâ‡∏ô‡∏ó‡∏µ‡πà 1 ‡∏Å‡∏≥‡∏´‡∏ô‡∏î‡∏°‡∏≤‡∏ï‡∏£‡∏ê‡∏≤‡∏ô‡∏Ø ‡∏´‡∏≤‡∏Å‡πÄ‡∏Ç‡πâ‡∏≤‡∏°‡∏≤‡∏Ñ‡∏£‡∏±‡πâ‡∏á‡πÅ‡∏£‡∏Å‡πÉ‡∏´‡πâ‡∏Ñ‡∏•‡∏¥‡∏Å‡∏õ‡∏∏‡πà‡∏°‡πÄ‡∏û‡∏¥‡πà‡∏°‡∏°‡∏≤‡∏ï‡∏£‡∏ê‡∏≤‡∏ô ‡∏°‡∏∏‡∏°‡∏ö‡∏ô‡∏Ç‡∏ß‡∏≤‡∏°‡∏∑‡∏≠ ‡∏™‡∏≤‡∏°‡∏≤‡∏£‡∏ñ‡∏î‡∏π‡∏ß‡∏¥‡∏ò‡∏µ‡∏Å‡∏≤‡∏£‡πÅ‡∏ö‡∏ö VDO ‡πÑ‡∏î‡πâ‡∏ú‡πà‡∏≤‡∏ôlink ‡∏ô‡∏µ‡πâ üëâhttps://youtu.be/1Ii49Vr8ssA
11/10/2022:14:09:58,‡∏õ‡∏•‡∏î‡∏•‡πá‡∏≠‡∏Å 6,6-‡∏Å‡∏≤‡∏£‡∏õ‡∏•‡∏î‡∏•‡πá‡∏≠‡∏Å,93.0%,‡∏ó‡πà‡∏≤‡∏ô‡∏™‡∏≤‡∏°‡∏≤‡∏£‡∏ñ‡∏õ‡∏•‡∏î‡∏•‡πá‡∏≠‡∏Å‡πÑ‡∏î‡πâ‡πÇ‡∏î‡∏¢‡∏Ñ‡∏•‡∏¥‡∏Å‡∏õ‡∏∏‡πà‡∏°‡∏™‡πà‡∏á‡∏Ñ‡∏∑‡∏ô‡πÄ‡∏û‡∏∑‡πà‡∏≠‡πÅ‡∏Å‡πâ‡πÑ‡∏Ç ‡∏ß‡∏¥‡∏ò‡∏µ‡∏Å‡∏≤‡∏£‡∏≠‡∏±‡∏û‡πÇ‡∏´‡∏•‡∏î‡πÑ‡∏ü‡∏•‡πå‡∏£‡∏≤‡∏¢‡∏á‡∏≤‡∏ô‡∏â‡∏ö‡∏±‡∏ö‡πÉ‡∏´‡∏°‡πà ‡∏ï‡∏≤‡∏°‡∏ß‡∏¥‡∏ò‡∏µ‡∏Å‡∏≤‡∏£‡πÉ‡∏ô‡∏•‡∏¥‡πâ‡∏á‡∏ô‡∏µ‡πâ  üëâ  https://drive.google.com/file/d/1-YPkVcvxe9QR24A6cYW68nifQJKwBlKG/view?usp=sharing
11/10/2022:14:10:03,‡∏õ‡∏•‡∏î‡∏•‡πá‡∏≠‡∏Å‡πÑ‡∏î‡πâ‡∏≠‡∏¢‡πà‡∏≤‡∏á‡πÑ‡∏£‡∏Ç‡∏±‡πâ‡∏ô‡∏ó‡∏µ‡πà 5,False,58.0%,‡πÑ‡∏°‡πà‡πÄ‡∏Ç‡πâ‡∏≤‡πÉ‡∏à‡∏Ñ‡∏≥‡∏ñ‡∏≤‡∏°‡∏Ñ‡πà‡∏∞ ‡∏Å‡∏£‡∏∏‡∏ì‡∏≤‡∏ñ‡∏≤‡∏°‡πÉ‡∏´‡∏°‡πà‡∏≠‡∏µ‡∏Å‡∏ó‡∏µ‡∏´‡∏£‡∏∑‡∏≠‡∏ï‡∏¥‡∏î‡∏ï‡πà‡∏≠‡πÄ‡∏à‡πâ‡∏≤‡∏´‡∏ô‡πâ‡∏≤‡∏ó‡∏µ‡πà‡∏Ñ‡πâ‡∏∞
11/10/2022:14:10:06,‡∏õ‡∏•‡∏î‡∏•‡πá‡∏≠‡∏Å‡πÑ‡∏î‡πâ‡∏≠‡∏¢‡πà‡∏≤‡∏á‡πÑ‡∏£‡∏Ç‡∏±‡πâ‡∏ô‡∏ó‡∏µ‡πà 6,False,39.0%,‡πÑ‡∏°‡πà‡πÄ‡∏Ç‡πâ‡∏≤‡πÉ‡∏à‡∏Ñ‡∏≥‡∏ñ‡∏≤‡∏°‡∏Ñ‡πà‡∏∞ ‡∏Å‡∏£‡∏∏‡∏ì‡∏≤‡∏ñ‡∏≤‡∏°‡πÉ‡∏´‡∏°‡πà‡∏≠‡∏µ‡∏Å‡∏ó‡∏µ‡∏´‡∏£‡∏∑‡∏≠‡∏ï‡∏¥‡∏î‡∏ï‡πà‡∏≠‡πÄ‡∏à‡πâ‡∏≤‡∏´‡∏ô‡πâ‡∏≤‡∏ó‡∏µ‡πà‡∏Ñ‡πâ‡∏∞
11/10/2022:14:10:20,‡∏õ‡∏•‡∏î‡∏•‡πá‡∏≠‡∏Å‡∏Ç‡∏±‡πâ‡∏ô 6,6-‡∏Å‡∏≤‡∏£‡∏õ‡∏•‡∏î‡∏•‡πá‡∏≠‡∏Å,92.0%,‡∏ó‡πà‡∏≤‡∏ô‡∏™‡∏≤‡∏°‡∏≤‡∏£‡∏ñ‡∏õ‡∏•‡∏î‡∏•‡πá‡∏≠‡∏Å‡πÑ‡∏î‡πâ‡πÇ‡∏î‡∏¢‡∏Ñ‡∏•‡∏¥‡∏Å‡∏õ‡∏∏‡πà‡∏°‡∏™‡πà‡∏á‡∏Ñ‡∏∑‡∏ô‡πÄ‡∏û‡∏∑‡πà‡∏≠‡πÅ‡∏Å‡πâ‡πÑ‡∏Ç ‡∏ß‡∏¥‡∏ò‡∏µ‡∏Å‡∏≤‡∏£‡∏≠‡∏±‡∏û‡πÇ‡∏´‡∏•‡∏î‡πÑ‡∏ü‡∏•‡πå‡∏£‡∏≤‡∏¢‡∏á‡∏≤‡∏ô‡∏â‡∏ö‡∏±‡∏ö‡πÉ‡∏´‡∏°‡πà ‡∏ï‡∏≤‡∏°‡∏ß‡∏¥‡∏ò‡∏µ‡∏Å‡∏≤‡∏£‡πÉ‡∏ô‡∏•‡∏¥‡πâ‡∏á‡∏ô‡∏µ‡πâ  üëâ  https://drive.google.com/file/d/1-YPkVcvxe9QR24A6cYW68nifQJKwBlKG/view?usp=sharing
11/10/2022:14:10:32,‡∏õ‡∏•‡∏î‡∏•‡πá‡∏≠‡∏Å6,False,52.0%,‡πÑ‡∏°‡πà‡πÄ‡∏Ç‡πâ‡∏≤‡πÉ‡∏à‡∏Ñ‡∏≥‡∏ñ‡∏≤‡∏°‡∏Ñ‡πà‡∏∞ ‡∏Å‡∏£‡∏∏‡∏ì‡∏≤‡∏ñ‡∏≤‡∏°‡πÉ‡∏´‡∏°‡πà‡∏≠‡∏µ‡∏Å‡∏ó‡∏µ‡∏´‡∏£‡∏∑‡∏≠‡∏ï‡∏¥‡∏î‡∏ï‡πà‡∏≠‡πÄ‡∏à‡πâ‡∏≤‡∏´‡∏ô‡πâ‡∏≤‡∏ó‡∏µ‡πà‡∏Ñ‡πâ‡∏∞
11/10/2022:14:10:53,‡∏õ‡∏•‡∏î‡∏•‡πá‡∏≠‡∏Å‡∏Ç‡∏±‡πâ‡∏ô 6,6-‡∏Å‡∏≤‡∏£‡∏õ‡∏•‡∏î‡∏•‡πá‡∏≠‡∏Å,92.0%,‡∏ó‡πà‡∏≤‡∏ô‡∏™‡∏≤‡∏°‡∏≤‡∏£‡∏ñ‡∏õ‡∏•‡∏î‡∏•‡πá‡∏≠‡∏Å‡πÑ‡∏î‡πâ‡πÇ‡∏î‡∏¢‡∏Ñ‡∏•‡∏¥‡∏Å‡∏õ‡∏∏‡πà‡∏°‡∏™‡πà‡∏á‡∏Ñ‡∏∑‡∏ô‡πÄ‡∏û‡∏∑‡πà‡∏≠‡πÅ‡∏Å‡πâ‡πÑ‡∏Ç ‡∏ß‡∏¥‡∏ò‡∏µ‡∏Å‡∏≤‡∏£‡∏≠‡∏±‡∏û‡πÇ‡∏´‡∏•‡∏î‡πÑ‡∏ü‡∏•‡πå‡∏£‡∏≤‡∏¢‡∏á‡∏≤‡∏ô‡∏â‡∏ö‡∏±‡∏ö‡πÉ‡∏´‡∏°‡πà ‡∏ï‡∏≤‡∏°‡∏ß‡∏¥‡∏ò‡∏µ‡∏Å‡∏≤‡∏£‡πÉ‡∏ô‡∏•‡∏¥‡πâ‡∏á‡∏ô‡∏µ‡πâ  üëâ  https://drive.google.com/file/d/1-YPkVcvxe9QR24A6cYW68nifQJKwBlKG/view?usp=sharing
11/10/2022:14:11:06,‡∏õ‡∏•‡∏î‡∏•‡πá‡∏≠‡∏Å 6,6-‡∏Å‡∏≤‡∏£‡∏õ‡∏•‡∏î‡∏•‡πá‡∏≠‡∏Å,93.0%,‡∏ó‡πà‡∏≤‡∏ô‡∏™‡∏≤‡∏°‡∏≤‡∏£‡∏ñ‡∏õ‡∏•‡∏î‡∏•‡πá‡∏≠‡∏Å‡πÑ‡∏î‡πâ‡πÇ‡∏î‡∏¢‡∏Ñ‡∏•‡∏¥‡∏Å‡∏õ‡∏∏‡πà‡∏°‡∏™‡πà‡∏á‡∏Ñ‡∏∑‡∏ô‡πÄ‡∏û‡∏∑‡πà‡∏≠‡πÅ‡∏Å‡πâ‡πÑ‡∏Ç ‡∏ß‡∏¥‡∏ò‡∏µ‡∏Å‡∏≤‡∏£‡∏≠‡∏±‡∏û‡πÇ‡∏´‡∏•‡∏î‡πÑ‡∏ü‡∏•‡πå‡∏£‡∏≤‡∏¢‡∏á‡∏≤‡∏ô‡∏â‡∏ö‡∏±‡∏ö‡πÉ‡∏´‡∏°‡πà ‡∏ï‡∏≤‡∏°‡∏ß‡∏¥‡∏ò‡∏µ‡∏Å‡∏≤‡∏£‡πÉ‡∏ô‡∏•‡∏¥‡πâ‡∏á‡∏ô‡∏µ‡πâ  üëâ  https://drive.google.com/file/d/1-YPkVcvxe9QR24A6cYW68nifQJKwBlKG/view?usp=sharing
11/10/2022:14:11:10,‡∏õ‡∏•‡∏î‡∏•‡πá‡∏≠‡∏Å‡πÑ‡∏î‡πâ‡∏≠‡∏¢‡πà‡∏≤‡∏á‡πÑ‡∏£‡∏Ç‡∏±‡πâ‡∏ô‡∏ó‡∏µ‡πà 6,False,39.0%,‡πÑ‡∏°‡πà‡πÄ‡∏Ç‡πâ‡∏≤‡πÉ‡∏à‡∏Ñ‡∏≥‡∏ñ‡∏≤‡∏°‡∏Ñ‡πà‡∏∞ ‡∏Å‡∏£‡∏∏‡∏ì‡∏≤‡∏ñ‡∏≤‡∏°‡πÉ‡∏´‡∏°‡πà‡∏≠‡∏µ‡∏Å‡∏ó‡∏µ‡∏´‡∏£‡∏∑‡∏≠‡∏ï‡∏¥‡∏î‡∏ï‡πà‡∏≠‡πÄ‡∏à‡πâ‡∏≤‡∏´‡∏ô‡πâ‡∏≤‡∏ó‡∏µ‡πà‡∏Ñ‡πâ‡∏∞
11/10/2022:14:30:10,‡∏õ‡∏•‡∏î‡∏•‡πá‡∏≠‡∏Ñ 6,False,51.0%,‡πÑ‡∏°‡πà‡πÄ‡∏Ç‡πâ‡∏≤‡πÉ‡∏à‡∏Ñ‡∏≥‡∏ñ‡∏≤‡∏°‡∏Ñ‡πà‡∏∞ ‡∏Å‡∏£‡∏∏‡∏ì‡∏≤‡∏ñ‡∏≤‡∏°‡πÉ‡∏´‡∏°‡πà‡∏≠‡∏µ‡∏Å‡∏ó‡∏µ‡∏´‡∏£‡∏∑‡∏≠‡∏ï‡∏¥‡∏î‡∏ï‡πà‡∏≠‡πÄ‡∏à‡πâ‡∏≤‡∏´‡∏ô‡πâ‡∏≤‡∏ó‡∏µ‡πà‡∏Ñ‡πâ‡∏∞
11/10/2022:14:30:20,‡∏õ‡∏•‡∏î‡∏•‡πá‡∏≠‡∏Å 6,6-‡∏Å‡∏≤‡∏£‡∏õ‡∏•‡∏î‡∏•‡πá‡∏≠‡∏Å,93.0%,‡∏ó‡πà‡∏≤‡∏ô‡∏™‡∏≤‡∏°‡∏≤‡∏£‡∏ñ‡∏õ‡∏•‡∏î‡∏•‡πá‡∏≠‡∏Å‡πÑ‡∏î‡πâ‡πÇ‡∏î‡∏¢‡∏Ñ‡∏•‡∏¥‡∏Å‡∏õ‡∏∏‡πà‡∏°‡∏™‡πà‡∏á‡∏Ñ‡∏∑‡∏ô‡πÄ‡∏û‡∏∑‡πà‡∏≠‡πÅ‡∏Å‡πâ‡πÑ‡∏Ç ‡∏ß‡∏¥‡∏ò‡∏µ‡∏Å‡∏≤‡∏£‡∏≠‡∏±‡∏û‡πÇ‡∏´‡∏•‡∏î‡πÑ‡∏ü‡∏•‡πå‡∏£‡∏≤‡∏¢‡∏á‡∏≤‡∏ô‡∏â‡∏ö‡∏±‡∏ö‡πÉ‡∏´‡∏°‡πà ‡∏ï‡∏≤‡∏°‡∏ß‡∏¥‡∏ò‡∏µ‡∏Å‡∏≤‡∏£‡πÉ‡∏ô‡∏•‡∏¥‡πâ‡∏á‡∏ô‡∏µ‡πâ  üëâ  https://drive.google.com/file/d/1-YPkVcvxe9QR24A6cYW68nifQJKwBlKG/view?usp=sharing
11/10/2022:14:30:53,‡∏õ‡∏•‡∏Å‡∏•‡πá‡∏≠‡∏Å 6,False,47.0%,‡πÑ‡∏°‡πà‡πÄ‡∏Ç‡πâ‡∏≤‡πÉ‡∏à‡∏Ñ‡∏≥‡∏ñ‡∏≤‡∏°‡∏Ñ‡πà‡∏∞ ‡∏Å‡∏£‡∏∏‡∏ì‡∏≤‡∏ñ‡∏≤‡∏°‡πÉ‡∏´‡∏°‡πà‡∏≠‡∏µ‡∏Å‡∏ó‡∏µ‡∏´‡∏£‡∏∑‡∏≠‡∏ï‡∏¥‡∏î‡∏ï‡πà‡∏≠‡πÄ‡∏à‡πâ‡∏≤‡∏´‡∏ô‡πâ‡∏≤‡∏ó‡∏µ‡πà‡∏Ñ‡πâ‡∏∞
11/10/2022:14:31:00,‡∏õ‡∏•‡∏î‡∏•‡πá‡∏≠‡∏Å 6,6-‡∏Å‡∏≤‡∏£‡∏õ‡∏•‡∏î‡∏•‡πá‡∏≠‡∏Å,93.0%,‡∏ó‡πà‡∏≤‡∏ô‡∏™‡∏≤‡∏°‡∏≤‡∏£‡∏ñ‡∏õ‡∏•‡∏î‡∏•‡πá‡∏≠‡∏Å‡πÑ‡∏î‡πâ‡πÇ‡∏î‡∏¢‡∏Ñ‡∏•‡∏¥‡∏Å‡∏õ‡∏∏‡πà‡∏°‡∏™‡πà‡∏á‡∏Ñ‡∏∑‡∏ô‡πÄ‡∏û‡∏∑‡πà‡∏≠‡πÅ‡∏Å‡πâ‡πÑ‡∏Ç ‡∏ß‡∏¥‡∏ò‡∏µ‡∏Å‡∏≤‡∏£‡∏≠‡∏±‡∏û‡πÇ‡∏´‡∏•‡∏î‡πÑ‡∏ü‡∏•‡πå‡∏£‡∏≤‡∏¢‡∏á‡∏≤‡∏ô‡∏â‡∏ö‡∏±‡∏ö‡πÉ‡∏´‡∏°‡πà ‡∏ï‡∏≤‡∏°‡∏ß‡∏¥‡∏ò‡∏µ‡∏Å‡∏≤‡∏£‡πÉ‡∏ô‡∏•‡∏¥‡πâ‡∏á‡∏ô‡∏µ‡πâ  üëâ  https://drive.google.com/file/d/1-YPkVcvxe9QR24A6cYW68nifQJKwBlKG/view?usp=sharing
11/10/2022:22:30:34,‡∏õ‡∏•‡∏î‡∏•‡πá‡∏≠‡∏Å6,False,52.0%,‡πÑ‡∏°‡πà‡πÄ‡∏Ç‡πâ‡∏≤‡πÉ‡∏à‡∏Ñ‡∏≥‡∏ñ‡∏≤‡∏°‡∏Ñ‡πà‡∏∞ ‡∏Å‡∏£‡∏∏‡∏ì‡∏≤‡∏ñ‡∏≤‡∏°‡πÉ‡∏´‡∏°‡πà‡∏´‡∏£‡∏∑‡∏≠‡∏ï‡∏¥‡∏î‡∏ï‡πà‡∏≠‡πÄ‡∏à‡πâ‡∏≤‡∏´‡∏ô‡πâ‡∏≤‡∏ó‡∏µ‡πà 02-4376631-5 ‡∏ï‡πà‡∏≠ 3477 ‡πÉ‡∏ô‡∏ß‡∏±‡∏ô‡πÅ‡∏•‡∏∞‡πÄ‡∏ß‡∏•‡∏≤‡∏£‡∏≤‡∏ä‡∏Å‡∏≤‡∏£
11/10/2022:22:30:39,‡∏õ‡∏•‡∏î‡∏•‡πá‡∏≠‡∏Å5,False,35.0%,‡πÑ‡∏°‡πà‡πÄ‡∏Ç‡πâ‡∏≤‡πÉ‡∏à‡∏Ñ‡∏≥‡∏ñ‡∏≤‡∏°‡∏Ñ‡πà‡∏∞ ‡∏Å‡∏£‡∏∏‡∏ì‡∏≤‡∏ñ‡∏≤‡∏°‡πÉ‡∏´‡∏°‡πà‡∏´‡∏£‡∏∑‡∏≠‡∏ï‡∏¥‡∏î‡∏ï‡πà‡∏≠‡πÄ‡∏à‡πâ‡∏≤‡∏´‡∏ô‡πâ‡∏≤‡∏ó‡∏µ‡πà 02-4376631-5 ‡∏ï‡πà‡∏≠ 3477 ‡πÉ‡∏ô‡∏ß‡∏±‡∏ô‡πÅ‡∏•‡∏∞‡πÄ‡∏ß‡∏•‡∏≤‡∏£‡∏≤‡∏ä‡∏Å‡∏≤‡∏£
11/10/2022:22:30:53,‡∏õ‡∏•‡∏î‡∏•‡πá‡∏≠‡∏Ñ5,‡∏õ‡∏•‡∏î‡∏•‡πá‡∏≠‡∏Å,79.0%,‡∏Ç‡∏±‡πâ‡∏ô‡∏ï‡∏≠‡∏ô‡∏ó‡∏µ‡πà‡πÄ‡∏ó‡πà‡∏≤‡πÑ‡∏£‡∏Ñ‡∏∞
11/10/2022:22:31:43,‡∏õ‡∏•‡∏î‡∏•‡πá‡∏≠‡∏Ñ5‡∏Ç‡∏±‡πâ‡∏ô5,‡∏õ‡∏•‡∏î‡∏•‡πá‡∏≠‡∏Å,73.0%,‡∏õ‡∏•‡∏î‡∏•‡πá‡∏≠‡∏Å
11/10/2022:22:33:25,‡∏õ‡∏•‡∏î‡∏•‡πá‡∏≠‡∏Ñ5,‡∏õ‡∏•‡∏î‡∏•‡πá‡∏≠‡∏Å,79.0%,‡∏Ç‡∏±‡πâ‡∏ô‡∏ï‡∏≠‡∏ô‡∏ó‡∏µ‡πà‡πÄ‡∏ó‡πà‡∏≤‡πÑ‡∏£‡∏Ñ‡∏∞
11/10/2022:22:33:27,‡∏õ‡∏•‡∏î‡∏•‡πá‡∏≠‡∏Ñ5‡∏Ç‡∏±‡πâ‡∏ô5,‡∏õ‡∏•‡∏î‡∏•‡πá‡∏≠‡∏Å,73.0%,‡∏õ‡∏•‡∏î‡∏•‡πá‡∏≠‡∏Å
16/10/2022:22:33:05,‡∏õ‡∏è‡∏¥‡∏ó‡∏¥‡∏ô‡∏ö‡∏±‡∏ô‡∏ó‡∏∂‡∏Å‡∏Ç‡πâ‡∏≠‡∏°‡∏π‡∏•,‡∏Å‡∏≤‡∏£‡∏ö‡∏±‡∏ô‡∏ó‡∏∂‡∏Å,90.0%,‡∏Ç‡∏±‡πâ‡∏ô‡∏ï‡∏≠‡∏ô‡∏ó‡∏µ‡πà‡πÄ‡∏ó‡πà‡∏≤‡πÑ‡∏£‡∏Ñ‡∏∞
16/10/2022:23:20:54,‡∏≠‡∏±‡∏û‡πÇ‡∏´‡∏•‡∏î‡πÑ‡∏ü‡∏•‡πåsar‡πÑ‡∏°‡πà‡πÑ‡∏î‡πâ,6-‡πÑ‡∏ü‡∏•‡πå sar ‡πÉ‡∏´‡∏ç‡πà,89.0%,6-‡πÑ‡∏ü‡∏•‡πå sar ‡πÉ‡∏´‡∏ç‡πà
16/10/2022:23:21:39,‡∏Å‡∏≥‡∏´‡∏ô‡∏î‡∏°‡∏≤‡∏ï‡∏£‡∏ê‡∏≤‡∏ô,1-‡∏Å‡∏≥‡∏´‡∏ô‡∏î‡∏°‡∏≤‡∏ï‡∏£‡∏ê‡∏≤‡∏ô,99.0%,‡∏ß‡∏¥‡∏ò‡∏µ‡∏Å‡∏≤‡∏£‡πÉ‡∏™‡πà‡∏Ç‡πâ‡∏≠‡∏°‡∏π‡∏•‡∏Ç‡∏±‡πâ‡∏ô‡∏ó‡∏µ‡πà 1 ‡∏Å‡∏≥‡∏´‡∏ô‡∏î‡∏°‡∏≤‡∏ï‡∏£‡∏ê‡∏≤‡∏ô‡∏Ø ‡∏´‡∏≤‡∏Å‡πÄ‡∏Ç‡πâ‡∏≤‡∏°‡∏≤‡∏Ñ‡∏£‡∏±‡πâ‡∏á‡πÅ‡∏£‡∏Å‡πÉ‡∏´‡πâ‡∏Ñ‡∏•‡∏¥‡∏Å‡∏õ‡∏∏‡πà‡∏°‡πÄ‡∏û‡∏¥‡πà‡∏°‡∏°‡∏≤‡∏ï‡∏£‡∏ê‡∏≤‡∏ô ‡∏°‡∏∏‡∏°‡∏ö‡∏ô‡∏Ç‡∏ß‡∏≤‡∏°‡∏∑‡∏≠ ‡∏™‡∏≤‡∏°‡∏≤‡∏£‡∏ñ‡∏î‡∏π‡∏ß‡∏¥‡∏ò‡∏µ‡∏Å‡∏≤‡∏£‡πÅ‡∏ö‡∏ö VDO ‡πÑ‡∏î‡πâ‡∏ú‡πà‡∏≤‡∏ôlink ‡∏ô‡∏µ‡πâ üëâhttps://youtu.be/1Ii49Vr8ssA
16/10/2022:23:21:56,‡∏≠‡∏±‡∏û‡πÇ‡∏´‡∏•‡∏î‡πÑ‡∏ü‡∏•‡πåsar‡πÑ‡∏°‡πà‡πÑ‡∏î‡πâ,6-‡πÑ‡∏ü‡∏•‡πå sar ‡πÉ‡∏´‡∏ç‡πà,89.0%,6-‡πÑ‡∏ü‡∏•‡πå sar ‡πÉ‡∏´‡∏ç‡πà
16/10/2022:23:22:03,6-‡πÑ‡∏ü‡∏•‡πå sar ‡πÉ‡∏´‡∏ç‡πà,False,69.0%,‡πÑ‡∏°‡πà‡πÄ‡∏Ç‡πâ‡∏≤‡πÉ‡∏à‡∏Ñ‡∏≥‡∏ñ‡∏≤‡∏°‡∏Ñ‡πà‡∏∞ ‡∏Å‡∏£‡∏∏‡∏ì‡∏≤‡∏ñ‡∏≤‡∏°‡πÉ‡∏´‡∏°‡πà‡∏´‡∏£‡∏∑‡∏≠‡∏ï‡∏¥‡∏î‡∏ï‡πà‡∏≠‡πÄ‡∏à‡πâ‡∏≤‡∏´‡∏ô‡πâ‡∏≤‡∏ó‡∏µ‡πà 02-4376631-5 ‡∏ï‡πà‡∏≠ 3477 ‡πÉ‡∏ô‡∏ß‡∏±‡∏ô‡πÅ‡∏•‡∏∞‡πÄ‡∏ß‡∏•‡∏≤‡∏£‡∏≤‡∏ä‡∏Å‡∏≤‡∏£
16/10/2022:23:26:23,‡∏≠‡∏±‡∏û‡πÇ‡∏´‡∏•‡∏î‡πÑ‡∏ü‡∏•‡πåsar‡πÑ‡∏°‡πà‡πÑ‡∏î‡πâ,6-‡πÑ‡∏ü‡∏•‡πå sar ‡πÉ‡∏´‡∏ç‡πà,89.0%,‡πÉ‡∏ô‡∏£‡∏∞‡∏ö‡∏öSAR Online ‡∏à‡∏∞‡πÉ‡∏´‡πâ‡πÇ‡∏£‡∏á‡πÄ‡∏£‡∏µ‡∏¢‡∏ô‡∏≠‡∏±‡∏û‡πÇ‡∏´‡∏•‡∏î‡πÑ‡∏ü‡∏•‡πåSAR ‡πÑ‡∏°‡πà‡πÄ‡∏Å‡∏¥‡∏ô 20MB ‡∏Å‡∏£‡∏ì‡∏µ‡∏ó‡∏µ‡πà‡πÇ‡∏£‡∏á‡πÄ‡∏£‡∏µ‡∏¢‡∏ô‡∏°‡∏µ‡∏Ç‡∏ô‡∏≤‡∏î‡πÑ‡∏ü‡∏•‡πå‡πÄ‡∏Å‡∏¥‡∏ô‡∏ó‡∏≥‡∏≠‡∏¢‡πà‡∏≤‡∏á‡πÑ‡∏£? ‡∏ó‡πà‡∏≤‡∏ô‡∏™‡∏≤‡∏°‡∏≤‡∏£‡∏ñ‡∏•‡∏î‡∏Ç‡∏ô‡∏≤‡∏î‡πÑ‡∏ü‡∏•‡πå‡∏ú‡πà‡∏≤‡∏ô‡πÄ‡∏ß‡πá‡∏ö‡πÑ‡∏ã‡∏ï‡πå ‡∏î‡πâ‡∏≤‡∏ô‡∏•‡πà‡∏≤‡∏á‡∏ô‡∏µ‡πâ‡∏Ñ‡πà‡∏∞ ‡∏Ç‡∏ô‡∏≤‡∏î‡πÑ‡∏ü‡∏•‡πå‡∏à‡∏∞‡∏•‡∏î‡∏•‡∏á‡πÅ‡∏ï‡πà‡∏Ñ‡∏∏‡∏ì‡∏†‡∏≤‡∏û‡πÑ‡∏ü‡∏•‡πå‡∏¢‡∏±‡∏á‡πÄ‡∏ó‡πà‡∏≤‡πÄ‡∏î‡∏¥‡∏° ‡πÄ‡∏ß‡πá‡∏ö‡πÑ‡∏ã‡∏ï‡πå‡∏ä‡πà‡∏ß‡∏¢‡∏•‡∏î‡∏Ç‡∏ô‡∏≤‡∏î‡πÑ‡∏ü‡∏•‡πåPDF https://www.ilovepdf.com/th/compress_pdf https://smallpdf.com/th/compress-pdf https://pdfcandy.com/th/compress-pdf.html
17/10/2022:11:01:22,‡∏£‡∏∞‡∏ö‡∏ö‡∏õ‡∏£‡∏∞‡∏Å‡∏±‡∏ô‡∏Ñ‡∏∏‡∏ì‡∏†‡∏≤‡∏û,False,24.0%,‡πÑ‡∏°‡πà‡πÄ‡∏Ç‡πâ‡∏≤‡πÉ‡∏à‡∏Ñ‡∏≥‡∏ñ‡∏≤‡∏°‡∏Ñ‡πà‡∏∞ ‡∏Å‡∏£‡∏∏‡∏ì‡∏≤‡∏ñ‡∏≤‡∏°‡πÉ‡∏´‡∏°‡πà‡∏´‡∏£‡∏∑‡∏≠‡∏ï‡∏¥‡∏î‡∏ï‡πà‡∏≠‡πÄ‡∏à‡πâ‡∏≤‡∏´‡∏ô‡πâ‡∏≤‡∏ó‡∏µ‡πà 02-4376631-5 ‡∏ï‡πà‡∏≠ 3477 ‡πÉ‡∏ô‡∏ß‡∏±‡∏ô‡πÅ‡∏•‡∏∞‡πÄ‡∏ß‡∏•‡∏≤‡∏£‡∏≤‡∏ä‡∏Å‡∏≤‡∏£
17/10/2022:11:01:32,‡∏õ‡∏è‡∏¥‡∏ó‡∏¥‡∏ô‡∏ö‡∏±‡∏ô‡∏ó‡∏∂‡∏Å‡∏Ç‡πâ‡∏≠‡∏°‡∏π‡∏•,‡∏Å‡∏≤‡∏£‡∏ö‡∏±‡∏ô‡∏ó‡∏∂‡∏Å,90.0%,‡∏Ç‡∏±‡πâ‡∏ô‡∏ï‡∏≠‡∏ô‡∏ó‡∏µ‡πà‡πÄ‡∏ó‡πà‡∏≤‡πÑ‡∏£‡∏Ñ‡∏∞
17/10/2022:18:42:49,‡∏õ‡∏è‡∏¥‡∏ó‡∏¥‡∏ô‡∏ö‡∏±‡∏ô‡∏ó‡∏∂‡∏Å‡∏Ç‡πâ‡∏≠‡∏°‡∏π‡∏•,‡∏Å‡∏≤‡∏£‡∏ö‡∏±‡∏ô‡∏ó‡∏∂‡∏Å,90.0%,‡∏Ç‡∏±‡πâ‡∏ô‡∏ï‡∏≠‡∏ô‡∏ó‡∏µ‡πà‡πÄ‡∏ó‡πà‡∏≤‡πÑ‡∏£‡∏Ñ‡∏∞
17/10/2022:18:56:40,.,False,40.0%,‡πÑ‡∏°‡πà‡πÄ‡∏Ç‡πâ‡∏≤‡πÉ‡∏à‡∏Ñ‡∏≥‡∏ñ‡∏≤‡∏°‡∏Ñ‡πà‡∏∞ ‡∏Å‡∏£‡∏∏‡∏ì‡∏≤‡∏ñ‡∏≤‡∏°‡πÉ‡∏´‡∏°‡πà‡∏´‡∏£‡∏∑‡∏≠‡∏ï‡∏¥‡∏î‡∏ï‡πà‡∏≠‡πÄ‡∏à‡πâ‡∏≤‡∏´‡∏ô‡πâ‡∏≤‡∏ó‡∏µ‡πà 02-4376631-5 ‡∏ï‡πà‡∏≠ 3477 ‡πÉ‡∏ô‡∏ß‡∏±‡∏ô‡πÅ‡∏•‡∏∞‡πÄ‡∏ß‡∏•‡∏≤‡∏£‡∏≤‡∏ä‡∏Å‡∏≤‡∏£
17/10/2022:19:04:42,‡∏õ‡∏è‡∏¥‡∏ó‡∏¥‡∏ô‡∏ö‡∏±‡∏ô‡∏ó‡∏∂‡∏Å‡∏Ç‡πâ‡∏≠‡∏°‡∏π‡∏•,‡∏Å‡∏≤‡∏£‡∏ö‡∏±‡∏ô‡∏ó‡∏∂‡∏Å,90.0%,‡∏Ç‡∏±‡πâ‡∏ô‡∏ï‡∏≠‡∏ô‡∏ó‡∏µ‡πà‡πÄ‡∏ó‡πà‡∏≤‡πÑ‡∏£‡∏Ñ‡∏∞
17/10/2022:20:08:51,‡∏£‡∏∞‡∏ö‡∏ö‡∏õ‡∏£‡∏∞‡∏Å‡∏±‡∏ô‡∏Ñ‡∏∏‡∏ì‡∏†‡∏≤‡∏û‡∏Å‡∏≤‡∏£‡∏®‡∏∂‡∏Å‡∏©‡∏≤,False,41.0%,‡πÑ‡∏°‡πà‡πÄ‡∏Ç‡πâ‡∏≤‡πÉ‡∏à‡∏Ñ‡∏≥‡∏ñ‡∏≤‡∏°‡∏Ñ‡πà‡∏∞ ‡∏Å‡∏£‡∏∏‡∏ì‡∏≤‡∏ñ‡∏≤‡∏°‡πÉ‡∏´‡∏°‡πà‡∏´‡∏£‡∏∑‡∏≠‡∏ï‡∏¥‡∏î‡∏ï‡πà‡∏≠‡πÄ‡∏à‡πâ‡∏≤‡∏´‡∏ô‡πâ‡∏≤‡∏ó‡∏µ‡πà 02-4376631-5 ‡∏ï‡πà‡∏≠ 3477 ‡πÉ‡∏ô‡∏ß‡∏±‡∏ô‡πÅ‡∏•‡∏∞‡πÄ‡∏ß‡∏•‡∏≤‡∏£‡∏≤‡∏ä‡∏Å‡∏≤‡∏£
17/10/2022:20:53:56,2.1,2.1-‡πÅ‡∏ú‡∏ô‡∏û‡∏±‡∏í‡∏ô‡∏≤‡∏Å‡∏≤‡∏£‡∏à‡∏±‡∏î‡∏Å‡∏≤‡∏£‡∏®‡∏∂‡∏Å‡∏©‡∏≤,97.0%,‡∏ó‡πà‡∏≤‡∏ô‡∏™‡∏≤‡∏°‡∏≤‡∏£‡∏ñ‡∏ó‡∏≥‡∏ï‡∏≤‡∏°‡πÑ‡∏î‡πâ‡∏ï‡∏≤‡∏° VDO ‡∏≠‡∏ò‡∏¥‡∏ö‡∏≤‡∏¢‡∏Å‡∏≤‡∏£‡∏ö‡∏±‡∏ô‡∏ó‡∏∂‡∏Å‡∏Ç‡πâ‡∏≠‡∏°‡∏π‡∏•‡∏Ç‡∏±‡πâ‡∏ô‡∏ó‡∏µ‡πà 2.1 ‡πÅ‡∏ú‡∏ô‡∏û‡∏±‡∏í‡∏ô‡∏≤‡∏Å‡∏≤‡∏£‡∏à‡∏±‡∏î‡∏Å‡∏≤‡∏£‡∏®‡∏∂‡∏Å‡∏©‡∏≤ ‡∏Ñ‡∏•‡∏¥‡∏Å üëâhttps://youtu.be/PQb6ELw5u2M
17/10/2022:21:05:35,2.1,2.1-‡πÅ‡∏ú‡∏ô‡∏û‡∏±‡∏í‡∏ô‡∏≤‡∏Å‡∏≤‡∏£‡∏à‡∏±‡∏î‡∏Å‡∏≤‡∏£‡∏®‡∏∂‡∏Å‡∏©‡∏≤,97.0%,‡∏ó‡πà‡∏≤‡∏ô‡∏™‡∏≤‡∏°‡∏≤‡∏£‡∏ñ‡∏ó‡∏≥‡∏ï‡∏≤‡∏°‡πÑ‡∏î‡πâ‡∏ï‡∏≤‡∏° VDO ‡∏≠‡∏ò‡∏¥‡∏ö‡∏≤‡∏¢‡∏Å‡∏≤‡∏£‡∏ö‡∏±‡∏ô‡∏ó‡∏∂‡∏Å‡∏Ç‡πâ‡∏≠‡∏°‡∏π‡∏•‡∏Ç‡∏±‡πâ‡∏ô‡∏ó‡∏µ‡πà 2.1 ‡πÅ‡∏ú‡∏ô‡∏û‡∏±‡∏í‡∏ô‡∏≤‡∏Å‡∏≤‡∏£‡∏à‡∏±‡∏î‡∏Å‡∏≤‡∏£‡∏®‡∏∂‡∏Å‡∏©‡∏≤ ‡∏Ñ‡∏•‡∏¥‡∏Å üëâhttps://youtu.be/PQb6ELw5u2M
18/10/2022:00:14:16,‡∏£‡∏∞‡∏ö‡∏ö‡∏õ‡∏£‡∏∞‡∏Å‡∏±‡∏ô‡∏Ñ‡∏∏‡∏ì‡∏†‡∏≤‡∏û‡∏Å‡∏≤‡∏£‡∏®‡∏∂‡∏Å‡∏©‡∏≤ ‡∏Ç‡∏±‡πâ‡∏ô‡∏ï‡∏≠‡∏ô‡∏ó‡∏µ‡πà 1,False,30.0%,‡πÑ‡∏°‡πà‡πÄ‡∏Ç‡πâ‡∏≤‡πÉ‡∏à‡∏Ñ‡∏≥‡∏ñ‡∏≤‡∏°‡∏Ñ‡πà‡∏∞ ‡∏Å‡∏£‡∏∏‡∏ì‡∏≤‡∏ñ‡∏≤‡∏°‡πÉ‡∏´‡∏°‡πà‡∏´‡∏£‡∏∑‡∏≠‡∏ï‡∏¥‡∏î‡∏ï‡πà‡∏≠‡πÄ‡∏à‡πâ‡∏≤‡∏´‡∏ô‡πâ‡∏≤‡∏ó‡∏µ‡πà 02-4376631-5 ‡∏ï‡πà‡∏≠ 3477 ‡πÉ‡∏ô‡∏ß‡∏±‡∏ô‡πÅ‡∏•‡∏∞‡πÄ‡∏ß‡∏•‡∏≤‡∏£‡∏≤‡∏ä‡∏Å‡∏≤‡∏£
18/10/2022:00:14:55,‡∏£‡∏∞‡∏ö‡∏ö‡∏õ‡∏£‡∏∞‡∏Å‡∏±‡∏ô‡∏Ñ‡∏∏‡∏ì‡∏†‡∏≤‡∏û‡∏Å‡∏≤‡∏£‡∏®‡∏∂‡∏Å‡∏©‡∏≤ ‡∏Ç‡∏±‡πâ‡∏ô‡∏ï‡∏≠‡∏ô‡∏ó‡∏µ‡πà 4,False,67.0%,‡πÑ‡∏°‡πà‡πÄ‡∏Ç‡πâ‡∏≤‡πÉ‡∏à‡∏Ñ‡∏≥‡∏ñ‡∏≤‡∏°‡∏Ñ‡πà‡∏∞ ‡∏Å‡∏£‡∏∏‡∏ì‡∏≤‡∏ñ‡∏≤‡∏°‡πÉ‡∏´‡∏°‡πà‡∏´‡∏£‡∏∑‡∏≠‡∏ï‡∏¥‡∏î‡∏ï‡πà‡∏≠‡πÄ‡∏à‡πâ‡∏≤‡∏´‡∏ô‡πâ‡∏≤‡∏ó‡∏µ‡πà 02-4376631-5 ‡∏ï‡πà‡∏≠ 3477 ‡πÉ‡∏ô‡∏ß‡∏±‡∏ô‡πÅ‡∏•‡∏∞‡πÄ‡∏ß‡∏•‡∏≤‡∏£‡∏≤‡∏ä‡∏Å‡∏≤‡∏£
18/10/2022:00:15:03,‡∏£‡∏∞‡∏ö‡∏ö‡∏õ‡∏£‡∏∞‡∏Å‡∏±‡∏ô‡∏Ñ‡∏∏‡∏ì‡∏†‡∏≤‡∏û‡∏Å‡∏≤‡∏£‡∏®‡∏∂‡∏Å‡∏©‡∏≤ ‡∏Ç‡πâ‡∏≠‡∏°‡∏π‡∏•‡∏û‡∏∑‡πâ‡∏ô‡∏ê‡∏≤‡∏ô,False,63.0%,‡πÑ‡∏°‡πà‡πÄ‡∏Ç‡πâ‡∏≤‡πÉ‡∏à‡∏Ñ‡∏≥‡∏ñ‡∏≤‡∏°‡∏Ñ‡πà‡∏∞ ‡∏Å‡∏£‡∏∏‡∏ì‡∏≤‡∏ñ‡∏≤‡∏°‡πÉ‡∏´‡∏°‡πà‡∏´‡∏£‡∏∑‡∏≠‡∏ï‡∏¥‡∏î‡∏ï‡πà‡∏≠‡πÄ‡∏à‡πâ‡∏≤‡∏´‡∏ô‡πâ‡∏≤‡∏ó‡∏µ‡πà 02-4376631-5 ‡∏ï‡πà‡∏≠ 3477 ‡πÉ‡∏ô‡∏ß‡∏±‡∏ô‡πÅ‡∏•‡∏∞‡πÄ‡∏ß‡∏•‡∏≤‡∏£‡∏≤‡∏ä‡∏Å‡∏≤‡∏£
18/10/2022:00:15:20,‡∏£‡∏∞‡∏ö‡∏ö‡∏õ‡∏£‡∏∞‡∏Å‡∏±‡∏ô‡∏Ñ‡∏∏‡∏ì‡∏†‡∏≤‡∏û‡∏Å‡∏≤‡∏£‡∏®‡∏∂‡∏Å‡∏©‡∏≤ ‡∏Ç‡∏±‡πâ‡∏ô‡∏ï‡∏≠‡∏ô‡∏ó‡∏µ‡πà 6,False,21.0%,‡πÑ‡∏°‡πà‡πÄ‡∏Ç‡πâ‡∏≤‡πÉ‡∏à‡∏Ñ‡∏≥‡∏ñ‡∏≤‡∏°‡∏Ñ‡πà‡∏∞ ‡∏Å‡∏£‡∏∏‡∏ì‡∏≤‡∏ñ‡∏≤‡∏°‡πÉ‡∏´‡∏°‡πà‡∏´‡∏£‡∏∑‡∏≠‡∏ï‡∏¥‡∏î‡∏ï‡πà‡∏≠‡πÄ‡∏à‡πâ‡∏≤‡∏´‡∏ô‡πâ‡∏≤‡∏ó‡∏µ‡πà 02-4376631-5 ‡∏ï‡πà‡∏≠ 3477 ‡πÉ‡∏ô‡∏ß‡∏±‡∏ô‡πÅ‡∏•‡∏∞‡πÄ‡∏ß‡∏•‡∏≤‡∏£‡∏≤‡∏ä‡∏Å‡∏≤‡∏£
18/10/2022:01:16:41,‡∏ß‡∏¥‡∏ò‡∏µ‡∏Å‡∏≤‡∏£‡∏Å‡∏≥‡∏´‡∏ô‡∏î‡∏°‡∏≤‡∏ï‡∏£‡∏ê‡∏≤‡∏ô‡∏Å‡∏≤‡∏£‡∏®‡∏∂‡∏Å‡∏©‡∏≤,1-‡∏Å‡∏≥‡∏´‡∏ô‡∏î‡∏°‡∏≤‡∏ï‡∏£‡∏ê‡∏≤‡∏ô,99.0%,‡∏ß‡∏¥‡∏ò‡∏µ‡∏Å‡∏≤‡∏£‡πÉ‡∏™‡πà‡∏Ç‡πâ‡∏≠‡∏°‡∏π‡∏•‡∏Ç‡∏±‡πâ‡∏ô‡∏ó‡∏µ‡πà 1 ‡∏Å‡∏≥‡∏´‡∏ô‡∏î‡∏°‡∏≤‡∏ï‡∏£‡∏ê‡∏≤‡∏ô‡∏Ø ‡∏´‡∏≤‡∏Å‡πÄ‡∏Ç‡πâ‡∏≤‡∏°‡∏≤‡∏Ñ‡∏£‡∏±‡πâ‡∏á‡πÅ‡∏£‡∏Å‡πÉ‡∏´‡πâ‡∏Ñ‡∏•‡∏¥‡∏Å‡∏õ‡∏∏‡πà‡∏°‡πÄ‡∏û‡∏¥‡πà‡∏°‡∏°‡∏≤‡∏ï‡∏£‡∏ê‡∏≤‡∏ô ‡∏°‡∏∏‡∏°‡∏ö‡∏ô‡∏Ç‡∏ß‡∏≤‡∏°‡∏∑‡∏≠ ‡∏™‡∏≤‡∏°‡∏≤‡∏£‡∏ñ‡∏î‡∏π‡∏ß‡∏¥‡∏ò‡∏µ‡∏Å‡∏≤‡∏£‡πÅ‡∏ö‡∏ö VDO ‡πÑ‡∏î‡πâ‡∏ú‡πà‡∏≤‡∏ôlink ‡∏ô‡∏µ‡πâ üëâhttps://youtu.be/1Ii49Vr8ssA
18/10/2022:01:17:22,‡∏Å‡∏≤‡∏£‡∏Ñ‡∏±‡∏î‡∏•‡∏≠‡∏Å‡∏°‡∏≤‡∏ï‡∏£‡∏ê‡∏≤‡∏ô‡∏Å‡∏≤‡∏£‡∏®‡∏∂‡∏Å‡∏©‡∏≤‡πÉ‡∏ô‡∏õ‡∏µ‡∏ó‡∏µ‡πà‡∏ú‡πà‡∏≤‡∏ô‡∏°‡∏≤,1-‡∏Ñ‡∏±‡∏î‡∏•‡∏≠‡∏Å‡∏°‡∏≤‡∏ï‡∏£‡∏ê‡∏≤‡∏ô,98.0%,‡πÉ‡∏´‡πâ‡∏Ñ‡∏•‡∏¥‡∏Å‡∏õ‡∏∏‡πà‡∏° "‡∏Ñ‡∏±‡∏î‡∏•‡∏≠‡∏Å‡∏à‡∏≤‡∏Å‡∏õ‡∏µ256.." ‡∏´‡∏£‡∏∑‡∏≠‡∏ó‡∏≥‡∏ï‡∏≤‡∏°VDO‡∏ô‡∏µ‡πâ ‡πÉ‡∏ô‡∏ô‡∏≤‡∏ó‡∏µ‡∏ó‡∏µ‡πà 2 ‡πÄ‡∏õ‡πá‡∏ô‡∏ï‡πâ‡∏ô‡πÑ‡∏õ‡∏Ñ‡πà‡∏∞ üëâhttps://youtu.be/1Ii49Vr8ssA
18/10/2022:01:18:01,‡∏Å‡∏≤‡∏£‡πÄ‡∏û‡∏¥‡πà‡∏°‡∏°‡∏≤‡∏ï‡∏£‡∏ê‡∏≤‡∏ô‡πÅ‡∏•‡∏∞‡∏õ‡∏£‡∏∞‡πÄ‡∏î‡πá‡∏ô‡∏û‡∏¥‡∏à‡∏≤‡∏£‡∏ì‡∏≤,False,35.0%,‡πÑ‡∏°‡πà‡πÄ‡∏Ç‡πâ‡∏≤‡πÉ‡∏à‡∏Ñ‡∏≥‡∏ñ‡∏≤‡∏°‡∏Ñ‡πà‡∏∞ ‡∏Å‡∏£‡∏∏‡∏ì‡∏≤‡∏ñ‡∏≤‡∏°‡πÉ‡∏´‡∏°‡πà‡∏´‡∏£‡∏∑‡∏≠‡∏ï‡∏¥‡∏î‡∏ï‡πà‡∏≠‡πÄ‡∏à‡πâ‡∏≤‡∏´‡∏ô‡πâ‡∏≤‡∏ó‡∏µ‡πà 02-4376631-5 ‡∏ï‡πà‡∏≠ 3477 ‡πÉ‡∏ô‡∏ß‡∏±‡∏ô‡πÅ‡∏•‡∏∞‡πÄ‡∏ß‡∏•‡∏≤‡∏£‡∏≤‡∏ä‡∏Å‡∏≤‡∏£
18/10/2022:01:18:41,‡∏Å‡∏≤‡∏£‡πÄ‡∏û‡∏¥‡πà‡∏°‡∏°‡∏≤‡∏ï‡∏£‡∏ê‡∏≤‡∏ô,False,60.0%,‡πÑ‡∏°‡πà‡πÄ‡∏Ç‡πâ‡∏≤‡πÉ‡∏à‡∏Ñ‡∏≥‡∏ñ‡∏≤‡∏°‡∏Ñ‡πà‡∏∞ ‡∏Å‡∏£‡∏∏‡∏ì‡∏≤‡∏ñ‡∏≤‡∏°‡πÉ‡∏´‡∏°‡πà‡∏´‡∏£‡∏∑‡∏≠‡∏ï‡∏¥‡∏î‡∏ï‡πà‡∏≠‡πÄ‡∏à‡πâ‡∏≤‡∏´‡∏ô‡πâ‡∏≤‡∏ó‡∏µ‡πà 02-4376631-5 ‡∏ï‡πà‡∏≠ 3477 ‡πÉ‡∏ô‡∏ß‡∏±‡∏ô‡πÅ‡∏•‡∏∞‡πÄ‡∏ß‡∏•‡∏≤‡∏£‡∏≤‡∏ä‡∏Å‡∏≤‡∏£
18/10/2022:01:18:53,‡πÄ‡∏û‡∏¥‡πà‡∏°‡∏°‡∏≤‡∏ï‡∏£‡∏ê‡∏≤‡∏ô,1-‡πÄ‡∏û‡∏¥‡πà‡∏°‡∏°‡∏≤‡∏ï‡∏£‡∏ê‡∏≤‡∏ô,94.0%,‡∏ß‡∏¥‡∏ò‡∏µ‡∏Å‡∏≤‡∏£‡πÄ‡∏û‡∏¥‡πà‡∏°‡∏°‡∏≤‡∏ï‡∏£‡∏ê‡∏≤‡∏ô‡πÉ‡∏´‡πâ‡∏Ñ‡∏•‡∏¥‡∏Å‡∏õ‡∏∏‡πà‡∏° "‡πÄ‡∏û‡∏¥‡πà‡∏°‡∏°‡∏≤‡∏ï‡∏£‡∏ê‡∏≤‡∏ô" ‡∏°‡∏∏‡∏°‡∏ö‡∏ô‡∏Ç‡∏ß‡∏≤‡∏°‡∏∑‡∏≠ ‡∏™‡∏≤‡∏°‡∏≤‡∏£‡∏ñ‡∏î‡∏π‡∏ß‡∏¥‡∏ò‡∏µ‡∏Å‡∏≤‡∏£‡πÅ‡∏ö‡∏ö VDO ‡πÑ‡∏î‡πâ‡∏ú‡πà‡∏≤‡∏ôlink ‡∏ô‡∏µ‡πâ üëâhttps://youtu.be/1Ii49Vr8ssA
18/10/2022:01:20:19,‡∏Å‡∏≤‡∏£‡∏Å‡∏≥‡∏´‡∏ô‡∏î‡∏ï‡∏±‡∏ß‡∏ä‡∏µ‡πâ‡∏ß‡∏±‡∏î‡∏Ç‡∏≠‡∏á‡∏õ‡∏£‡∏∞‡πÄ‡∏î‡πá‡∏ô‡∏û‡∏¥‡∏à‡∏≤‡∏£‡∏ì‡∏≤,1-‡∏Å‡∏≥‡∏´‡∏ô‡∏î‡∏Ñ‡πà‡∏≤‡πÄ‡∏õ‡πâ‡∏≤‡∏´‡∏°‡∏≤‡∏¢,96.0%,‡∏ï‡∏±‡∏ß‡∏ä‡∏µ‡πâ‡∏ß‡∏±‡∏î‡∏ï‡∏£‡∏á‡∏ô‡∏µ‡πâ‡∏ï‡πâ‡∏≠‡∏á‡∏°‡∏≤‡∏à‡∏≤‡∏Å‡∏Å‡∏≤‡∏£‡∏Å‡∏≥‡∏´‡∏ô‡∏î‡∏£‡πà‡∏ß‡∏°‡∏Å‡∏±‡∏ô‡∏Ç‡∏≠‡∏á‡∏ö‡∏∏‡∏Ñ‡∏•‡∏≤‡∏Å‡∏£‡πÉ‡∏ô‡πÇ‡∏£‡∏á‡πÄ‡∏£‡∏µ‡∏¢‡∏ô ‡∏ß‡πà‡∏≤‡πÉ‡∏ô‡∏Å‡∏≤‡∏£‡∏û‡∏±‡∏í‡∏ô‡∏≤‡∏Ñ‡∏∏‡∏ì‡∏†‡∏≤‡∏û‡∏ï‡∏≤‡∏°‡∏°‡∏≤‡∏ï‡∏£‡∏ê‡∏≤‡∏ô‡∏Å‡∏≤‡∏£‡∏®‡∏∂‡∏Å‡∏©‡∏≤‡πÉ‡∏ô‡πÅ‡∏ï‡πà‡∏°‡∏≤‡∏ï‡∏£‡∏ê‡∏≤‡∏ô ‡πÉ‡∏ô‡πÅ‡∏ï‡πà‡∏•‡∏∞‡∏õ‡∏£‡∏∞‡πÄ‡∏î‡πá‡∏ô ‡πÇ‡∏£‡∏á‡πÄ‡∏£‡∏µ‡∏¢‡∏ô‡∏à‡∏∞‡∏ß‡∏±‡∏î‡∏î‡πâ‡∏ß‡∏¢‡∏≠‡∏∞‡πÑ‡∏£‡πÅ‡∏•‡∏∞‡∏ï‡∏±‡πâ‡∏á‡∏Ñ‡πà‡∏≤‡πÄ‡∏õ‡πâ‡∏≤‡∏´‡∏°‡∏≤‡∏¢‡∏Ñ‡∏ß‡∏≤‡∏°‡∏™‡∏≥‡πÄ‡∏£‡πá‡∏à‡πÑ‡∏ß‡πâ‡πÄ‡∏ó‡πà‡∏≤‡πÑ‡∏´‡∏£‡πà ‡∏Å‡∏≤‡∏£‡∏Å‡∏≥‡∏´‡∏ô‡∏î‡∏ï‡∏±‡∏ß‡∏ä‡∏µ‡πâ‡∏ß‡∏±‡∏î‡∏ï‡∏£‡∏á‡∏ô‡∏µ‡πâ‡∏à‡∏∞‡∏°‡∏µ‡∏Ñ‡∏ß‡∏≤‡∏°‡∏™‡∏±‡∏°‡∏û‡∏±‡∏ô‡∏ò‡πå‡πÅ‡∏•‡∏∞‡πÄ‡∏ä‡∏∑‡πà‡∏≠‡∏°‡πÇ‡∏¢‡∏á‡∏à‡∏ô‡πÄ‡∏™‡∏£‡πá‡∏à‡∏™‡∏¥‡πâ‡∏ô‡∏Å‡∏£‡∏∞‡∏ö‡∏ß‡∏ô‡∏Å‡∏≤‡∏£‡∏õ‡∏£‡∏∞‡∏Å‡∏±‡∏ô‡∏Ñ‡∏∏‡∏ì‡∏†‡∏≤‡∏û ‡πÄ‡∏û‡∏£‡∏≤‡∏∞‡πÄ‡∏°‡∏∑‡πà‡∏≠‡πÇ‡∏£‡∏á‡πÄ‡∏£‡∏µ‡∏¢‡∏ô‡∏Å‡∏≥‡∏´‡∏ô‡∏î‡∏ï‡∏±‡∏ß‡∏ä‡∏µ‡πâ‡∏ß‡∏±‡∏î‡πÅ‡∏•‡πâ‡∏ß ‡∏ï‡∏±‡∏ß‡∏ä‡∏µ‡πâ‡∏ß‡∏±‡∏î‡∏ô‡∏µ‡πâ‡∏à‡∏∞‡πÄ‡∏ä‡∏∑‡πà‡∏≠‡∏°‡πÇ‡∏¢‡∏á‡πÑ‡∏õ‡∏™‡∏π‡πà‡∏Ç‡∏±‡πâ‡∏ô‡∏ó‡∏µ‡πà2 ‡∏Å‡∏≤‡∏£‡∏à‡∏±‡∏î‡∏ó‡∏≥‡πÅ‡∏ú‡∏ô‡∏û‡∏±‡∏í‡∏ô‡∏≤‡∏Ø‡πÅ‡∏•‡∏∞‡πÅ‡∏ú‡∏ô‡∏õ‡∏è‡∏¥‡∏ö‡∏±‡∏ï‡∏¥‡∏Å‡∏≤‡∏£‡∏õ‡∏£‡∏∞‡∏à‡∏≥‡∏õ‡∏µ ‡πÇ‡∏£‡∏á‡πÄ‡∏£‡∏µ‡∏¢‡∏ô‡∏ï‡πâ‡∏≠‡∏á‡∏Å‡∏≥‡∏´‡∏ô‡∏î‡πÇ‡∏Ñ‡∏£‡∏á‡∏Å‡∏≤‡∏£‡∏ó‡∏µ‡πà‡∏™‡∏≠‡∏î‡∏£‡∏±‡∏ö‡∏Å‡∏±‡∏ö‡∏ï‡∏±‡∏ß‡∏ä‡∏µ‡πâ‡∏ß‡∏±‡∏î‡∏ï‡∏£‡∏á‡∏ô‡∏µ‡πâ‡∏î‡πâ‡∏ß‡∏¢ ‡∏ï‡∏±‡∏ß‡∏ä‡∏µ‡πâ‡∏ß‡∏±‡∏î‡∏ó‡∏µ‡πà‡∏Å‡∏≥‡∏´‡∏ô‡∏î‡∏ï‡πâ‡∏≠‡∏á‡∏°‡∏µ‡πÇ‡∏Ñ‡∏£‡∏á‡∏Å‡∏≤‡∏£‡∏£‡∏≠‡∏á‡∏£‡∏±‡∏ö‡∏ó‡∏∏‡∏Å‡∏ï‡∏±‡∏ß‡∏ä‡∏µ‡πâ‡∏ß‡∏±‡∏î ‡πÅ‡∏•‡∏∞‡πÉ‡∏ô‡∏Å‡∏≤‡∏£‡∏Å‡∏≥‡∏´‡∏ô‡∏î‡∏ï‡∏±‡∏ß‡∏ä‡∏µ‡πâ‡∏ß‡∏±‡∏î ‡πÉ‡∏ô1‡∏õ‡∏£‡∏∞‡πÄ‡∏î‡πá‡∏ô‡∏Ç‡∏≠‡∏á‡∏°‡∏≤‡∏ï‡∏£‡∏ê‡∏≤‡∏ô ‡∏™‡∏≤‡∏°‡∏≤‡∏£‡∏ñ‡∏°‡∏µ‡πÑ‡∏î‡πâ‡∏°‡∏≤‡∏Å‡∏Å‡∏ß‡πà‡∏≤ 1 ‡∏ï‡∏±‡∏ß‡∏ä‡∏µ‡πâ‡∏ß‡∏±‡∏î
18/10/2022:01:20:59,‡∏ß‡∏¥‡∏ò‡∏µ‡∏Å‡∏≤‡∏£‡∏£‡∏±‡∏ö‡∏£‡∏≠‡∏á‡∏Ç‡πâ‡∏≠‡∏°‡∏π‡∏•‡∏Ç‡∏≠‡∏á‡∏ú‡∏π‡πâ‡∏ö‡∏£‡∏¥‡∏´‡∏≤‡∏£‡∏™‡∏ñ‡∏≤‡∏ô‡∏®‡∏∂‡∏Å‡∏©‡∏≤,False,63.0%,‡πÑ‡∏°‡πà‡πÄ‡∏Ç‡πâ‡∏≤‡πÉ‡∏à‡∏Ñ‡∏≥‡∏ñ‡∏≤‡∏°‡∏Ñ‡πà‡∏∞ ‡∏Å‡∏£‡∏∏‡∏ì‡∏≤‡∏ñ‡∏≤‡∏°‡πÉ‡∏´‡∏°‡πà‡∏´‡∏£‡∏∑‡∏≠‡∏ï‡∏¥‡∏î‡∏ï‡πà‡∏≠‡πÄ‡∏à‡πâ‡∏≤‡∏´‡∏ô‡πâ‡∏≤‡∏ó‡∏µ‡πà 02-4376631-5 ‡∏ï‡πà‡∏≠ 3477 ‡πÉ‡∏ô‡∏ß‡∏±‡∏ô‡πÅ‡∏•‡∏∞‡πÄ‡∏ß‡∏•‡∏≤‡∏£‡∏≤‡∏ä‡∏Å‡∏≤‡∏£
18/10/2022:01:44:32,‡∏£‡∏∞‡∏ö‡∏ö‡∏õ‡∏£‡∏∞‡∏Å‡∏±‡∏ô‡∏Ñ‡∏∏‡∏ì‡∏†‡∏≤‡∏û‡∏Å‡∏≤‡∏£‡∏®‡∏∂‡∏Å‡∏©‡∏≤ ‡∏Ç‡πâ‡∏≠‡∏°‡∏π‡∏•‡∏û‡∏∑‡πâ‡∏ô‡∏ê‡∏≤‡∏ô,False,63.0%,‡πÑ‡∏°‡πà‡πÄ‡∏Ç‡πâ‡∏≤‡πÉ‡∏à‡∏Ñ‡∏≥‡∏ñ‡∏≤‡∏°‡∏Ñ‡πà‡∏∞ ‡∏Å‡∏£‡∏∏‡∏ì‡∏≤‡∏ñ‡∏≤‡∏°‡πÉ‡∏´‡∏°‡πà‡∏´‡∏£‡∏∑‡∏≠‡∏ï‡∏¥‡∏î‡∏ï‡πà‡∏≠‡πÄ‡∏à‡πâ‡∏≤‡∏´‡∏ô‡πâ‡∏≤‡∏ó‡∏µ‡πà 02-4376631-5 ‡∏ï‡πà‡∏≠ 3477 ‡πÉ‡∏ô‡∏ß‡∏±‡∏ô‡πÅ‡∏•‡∏∞‡πÄ‡∏ß‡∏•‡∏≤‡∏£‡∏≤‡∏ä‡∏Å‡∏≤‡∏£
18/10/2022:02:11:28,2.1,2.1-‡πÅ‡∏ú‡∏ô‡∏û‡∏±‡∏í‡∏ô‡∏≤‡∏Å‡∏≤‡∏£‡∏à‡∏±‡∏î‡∏Å‡∏≤‡∏£‡∏®‡∏∂‡∏Å‡∏©‡∏≤,97.0%,‡∏ó‡πà‡∏≤‡∏ô‡∏™‡∏≤‡∏°‡∏≤‡∏£‡∏ñ‡∏ó‡∏≥‡∏ï‡∏≤‡∏°‡πÑ‡∏î‡πâ‡∏ï‡∏≤‡∏° VDO ‡∏≠‡∏ò‡∏¥‡∏ö‡∏≤‡∏¢‡∏Å‡∏≤‡∏£‡∏ö‡∏±‡∏ô‡∏ó‡∏∂‡∏Å‡∏Ç‡πâ‡∏≠‡∏°‡∏π‡∏•‡∏Ç‡∏±‡πâ‡∏ô‡∏ó‡∏µ‡πà 2.1 ‡πÅ‡∏ú‡∏ô‡∏û‡∏±‡∏í‡∏ô‡∏≤‡∏Å‡∏≤‡∏£‡∏à‡∏±‡∏î‡∏Å‡∏≤‡∏£‡∏®‡∏∂‡∏Å‡∏©‡∏≤ ‡∏Ñ‡∏•‡∏¥‡∏Å üëâhttps://youtu.be/PQb6ELw5u2M
